20251215025014	20251215025014_fcc5bc79-55e3-4972-8765-6a7840fdce5a.sql	(sem SQLSTATE)	
20251215030017	20251215030017_627aa7cb-3ebb-43bb-a754-20b688614000.sql	(sem SQLSTATE)	
20251215160224	20251215160224_cda6461f-44b1-40b5-8fa2-302ba8d7e28d.sql	(sem SQLSTATE)	
20251215163158	20251215163158_8fcb49be-34d2-4749-a644-f943eaf83c4a.sql	(sem SQLSTATE)	
20251215172702	20251215172702_85e3d067-8229-4e92-a91b-68e7cb51ec3b.sql	(sem SQLSTATE)	
20251215173646	20251215173646_87479af1-3381-4264-af26-592da3439efd.sql	(sem SQLSTATE)	
20251220130243	20251220130243_14f0f8fe-6186-499e-8eee-e7d0f8e9cfd8.sql	(sem SQLSTATE)	
20251220131939	20251220131939_c2c82afa-4522-45e0-9f6c-3cefb9d67025.sql	(sem SQLSTATE)	
20251220133021	20251220133021_6c78fd2e-ba75-4377-835a-a492e60f1e57.sql	(sem SQLSTATE)	
20251220144517	20251220144517_7c4129f8-c8ba-4dff-bc87-c4c8164a29a8.sql	(sem SQLSTATE)	
20251220145135	20251220145135_05dff0a3-0969-430e-9df0-90d326a2c6f9.sql	(sem SQLSTATE)	
20251220150341	20251220150341_7b912e89-f6bc-4210-9bfb-938ae90e5cf4.sql	(sem SQLSTATE)	
20251220181137	20251220181137_fdfc620a-2977-487f-b0a7-feaa897d14c6.sql	(sem SQLSTATE)	
20251220181300	20251220181300_aa931cb8-3812-4396-983e-123d19f73ad8.sql	(sem SQLSTATE)	
20251220182214	20251220182214_521955ac-e1ac-4e48-91e2-26a5494fa75f.sql	(sem SQLSTATE)	
20251220182411	20251220182411_dd03d6a1-4f98-410e-a411-1f2486626de2.sql	(sem SQLSTATE)	
20251222230649	20251222230649_a1487598-d267-49cb-b0ae-033548d52b08.sql	(sem SQLSTATE)	
20251223002656	20251223002656_c427b632-b6ab-4ca4-9b78-38a343925147.sql	(sem SQLSTATE)	
20251224024453	20251224024453_84e90b51-3f9f-47f9-a4be-44831f2f5bd8.sql	(sem SQLSTATE)	
20251231115910	20251231115910_4da9c2d9-f6a8-4dc8-90ad-6efa0e1c9de0.sql	(sem SQLSTATE)	
20251231130733	20251231130733_17a6ba3a-5dbb-4d5b-b2f3-211a97744cec.sql	(sem SQLSTATE)	
20251231131019	20251231131019_8cdee99f-d19b-4efc-bdd1-7bb592007792.sql	(sem SQLSTATE)	
20251231131349	20251231131349_3bac81e9-4210-4dc8-867b-2b651e74abef.sql	(sem SQLSTATE)	
20260305234742	20260305234742_926df776-51f8-4084-bd33-0edf946c94f2.sql	(sem SQLSTATE)	
20260306011524	20260306011524_6df1c3a6-da70-4609-b899-5078b03d2ad6.sql	(sem SQLSTATE)	
20260315114854	20260315114854_69a2334f-a7a5-4176-857d-81768d508aa6.sql	(sem SQLSTATE)	
20260315115805	20260315115805_edf10d24-a610-4b78-8518-d96ca963f800.sql	(sem SQLSTATE)	
20260315123034	20260315123034_fb4761eb-5659-4530-b537-8dae9420d1ef.sql	(sem SQLSTATE)	
20260315134146	20260315134146_21d511ec-0e8e-483a-9a5f-8ad868c16aa1.sql	(sem SQLSTATE)	
20260315151618	20260315151618_8e3fca18-74ac-4877-84f4-d2a02cfaf24f.sql	(sem SQLSTATE)	
20260315162950	20260315162950_3124bc4c-9a15-4508-ba62-b67577bcb887.sql	(sem SQLSTATE)	
20260315163251	20260315163251_4cfe886d-c2c6-45f1-b3a9-fe5e6bf89611.sql	(sem SQLSTATE)	
20260315172343	20260315172343_620fdf49-ed46-4dd2-a33e-d1cd4bd89870.sql	(sem SQLSTATE)	
20260315193759	20260315193759_ad5f45ba-4b9f-4b25-b483-7da8b548e8c7.sql	(sem SQLSTATE)	
20260317212204	20260317212204_a83746c2-5108-4b79-b3b3-6b4d15df28e8.sql	(sem SQLSTATE)	
20260317214556	20260317214556_3c66fa42-1d33-4478-a502-b7cf8cf6580f.sql	(sem SQLSTATE)	
20260317222352	20260317222352_fcce5475-4dde-4840-ade1-487446bbff42.sql	(sem SQLSTATE)	
20260317222442	20260317222442_f3acf46c-cd94-44ae-9757-1ac21e2aeefa.sql	(sem SQLSTATE)	
20260317222534	20260317222534_cc94813a-a022-44e5-846f-f4164d9a4308.sql	(sem SQLSTATE)	
20260317222728	20260317222728_b1aba63c-0318-4b63-913b-67da91c1a290.sql	(sem SQLSTATE)	
20260317222757	20260317222757_41908e22-ec3f-44f2-bf99-a82aca617b48.sql	(sem SQLSTATE)	
20260317223223	20260317223223_c85cceeb-728c-476f-af90-92e9ba976a7a.sql	(sem SQLSTATE)	
20260317233854	20260317233854_f5a5234e-e05d-4c15-b1dc-335d644b93f8.sql	(sem SQLSTATE)	
20260317234558	20260317234558_b9744cb6-6d61-43b4-9ee9-41d1c3ec026c.sql	(sem SQLSTATE)	
20260318014923	20260318014923_892f2440-ac97-4f1b-84bf-58d90f2b0c95.sql	(sem SQLSTATE)	
20260318015519	20260318015519_5ea8ea45-8496-40d9-8d96-698aff785fe7.sql	(sem SQLSTATE)	
20260318015654	20260318015654_cb91df20-0e5e-4c72-bdab-5ac1524c2289.sql	(sem SQLSTATE)	
20260318105026	20260318105026_38fc7198-561d-44a3-933e-ef988a8423a7.sql	(sem SQLSTATE)	
20260318121039	20260318121039_f411e14f-67f2-47dc-876c-848e9630fd44.sql	(sem SQLSTATE)	
20260318121108	20260318121108_dc06df42-f7ee-4361-bb05-5d3aba125bba.sql	(sem SQLSTATE)	
20260318121143	20260318121143_21b1d198-a9b6-4def-9a5e-7a9e33bd19e6.sql	(sem SQLSTATE)	
20260318121154	20260318121154_8c6cc9dc-af9b-4af4-aae5-75624c4ea205.sql	(sem SQLSTATE)	
20260318121449	20260318121449_24b7aa75-6b70-4eb0-80e0-ba5b9bcc0220.sql	(sem SQLSTATE)	
20260318121647	20260318121647_fab9b2a8-44aa-441b-b05d-7b917e113eab.sql	(sem SQLSTATE)	
20260318124324	20260318124324_ec0c654d-4122-4328-940c-4db9fadfebf3.sql	(sem SQLSTATE)	
20260318124408	20260318124408_66757485-d01a-4b02-8419-20e7ed26078c.sql	(sem SQLSTATE)	
20260318130516	20260318130516_b67d4f37-1f25-4fab-bd85-6184c2d125fb.sql	(sem SQLSTATE)	
20260318134331	20260318134331_c2d6bbea-71de-4b22-9f1c-0ad1ac36ddac.sql	(sem SQLSTATE)	
20260318134343	20260318134343_5d37ff87-e28f-4310-9b8d-f7fe67d9a731.sql	(sem SQLSTATE)	
20260318134450	20260318134450_91a290ef-84da-4e6c-97c6-c030e1f74ae8.sql	(sem SQLSTATE)	
20260318134704	20260318134704_67006def-6c6e-4c4c-b38d-1fb3260b98ed.sql	(sem SQLSTATE)	
20260318135320	20260318135320_ed229dcb-ef66-45b6-b2b1-58ebf60d2273.sql	(sem SQLSTATE)	
20260318233555	20260318233555_a455f721-9d57-40ad-abf7-d5b643e3e67e.sql	(sem SQLSTATE)	
20260319004136	20260319004136_0c26601b-cc4b-4f1a-a904-605e880992bb.sql	(sem SQLSTATE)	
20260319005455	20260319005455_7ef4d742-f86f-4f76-a8c5-6af7430f68c5.sql	(sem SQLSTATE)	
20260319011916	20260319011916_8e038bb1-f955-4cb2-ab8a-7bd288db81a3.sql	(sem SQLSTATE)	
20260319024135	20260319024135_69b1d6a0-3781-4e17-bddf-2fb172e9c69f.sql	(sem SQLSTATE)	
20260319134046	20260319134046_ca0c2740-67fa-495d-be04-62114b42b479.sql	(sem SQLSTATE)	
20260319134103	20260319134103_b382ee3e-2004-4f84-99c7-92540e8a829f.sql	(sem SQLSTATE)	
20260319134839	20260319134839_76acd83b-182d-46f0-a127-4a9bdbd0ddee.sql	(sem SQLSTATE)	
20260319210215	20260319210215_7e6c3714-7ce1-4cd3-930c-f25b87b10103.sql	(sem SQLSTATE)	
20260320133103	20260320133103_90061855-3227-445f-a47a-a15c38ac5cf2.sql	(sem SQLSTATE)	
20260321194716	20260321194716_2488d2c2-fbc8-4226-9eb0-274d3f2bd2d6.sql	(sem SQLSTATE)	
20260321194812	20260321194812_c94817ed-e2cc-49e6-b067-5966bebd844d.sql	(sem SQLSTATE)	
20260323120607	20260323120607_76fb16b0-c83c-4e29-9152-fdf9568e159b.sql	(sem SQLSTATE)	
20260329175853	20260329175853_8f18172f-981a-4c58-b505-ce1630af8ab6.sql	(sem SQLSTATE)	
20260329175910	20260329175910_f55d2541-447c-40cb-b18c-1e03a02eeced.sql	(sem SQLSTATE)	
20260401000835	20260401000835_0bc5745c-fa06-4abb-9eee-edb786dc497e.sql	(sem SQLSTATE)	
20260401000858	20260401000858_6225188d-2861-4f8e-b84b-fa68b542cbb5.sql	(sem SQLSTATE)	
20260401000946	20260401000946_e0e926a2-340d-4664-b821-4c4aecec5957.sql	(sem SQLSTATE)	
20260401001254	20260401001254_d10e0934-6957-4b66-afba-2898bf4d7059.sql	(sem SQLSTATE)	
20260401001338	20260401001338_6256d5cc-a597-4c70-96f0-32ea57a85a49.sql	(sem SQLSTATE)	
20260401001655	20260401001655_509f6c72-b9c2-458c-9dc5-af298d512958.sql	(sem SQLSTATE)	
20260401001811	20260401001811_3a9e0103-1cb8-4f33-a03f-b884276262e2.sql	(sem SQLSTATE)	
20260401002035	20260401002035_f77017b8-d48b-41e1-8860-3c01dec7f5ff.sql	(sem SQLSTATE)	
20260401002123	20260401002123_2ade2ff0-20a5-4607-9266-758d1bca4dfa.sql	(sem SQLSTATE)	
20260401002206	20260401002206_fafd8c86-1fd5-49f8-8243-ad17011f43b5.sql	(sem SQLSTATE)	
20260401002216	20260401002216_08d2169a-bc90-4cf1-b6cd-6f31ad7fce9f.sql	(sem SQLSTATE)	
20260401002318	20260401002318_6efa1064-0bdb-4b3d-91b6-329bfff7705b.sql	(sem SQLSTATE)	
20260401002430	20260401002430_4c828f05-f7b6-4c2f-afd1-a341ea825f4b.sql	(sem SQLSTATE)	
20260401002519	20260401002519_b7df7d1f-2caf-48c2-a23b-62df9f4fc772.sql	(sem SQLSTATE)	
20260401002652	20260401002652_cecc4770-278c-4657-acb6-3505c0bdab19.sql	(sem SQLSTATE)	
20260401002933	20260401002933_85351bd1-2e91-4098-90f5-55878dc62c7b.sql	(sem SQLSTATE)	
20260401003034	20260401003034_46580962-a5ba-41f5-b4b1-b05887b4b490.sql	(sem SQLSTATE)	
20260401003147	20260401003147_2e5bb19f-be28-433b-8c31-0ebd6b764592.sql	(sem SQLSTATE)	
20260401003240	20260401003240_d6320a1d-d520-40fd-aab1-5d07d93d94bb.sql	(sem SQLSTATE)	
20260401003416	20260401003416_379e3c75-00d5-400e-8825-b7a3af9cb556.sql	(sem SQLSTATE)	
20260402110610	20260402110610_3a8fa57b-5544-4eb8-8345-a9f398426085.sql	(sem SQLSTATE)	
20260402110743	20260402110743_10db3425-4045-47ad-bb82-2e48423bcf9f.sql	(sem SQLSTATE)	
20260402132435	20260402132435_abedbef6-c6d3-4162-aad6-ce2f0d414b1e.sql	(sem SQLSTATE)	
20260402161154	20260402161154_de3cfb62-53f1-41ea-99a6-abeb5289f8d0.sql	(sem SQLSTATE)	
20260402214625	20260402214625_1ce1bc4b-7202-40bd-9981-d0cae64240d3.sql	(sem SQLSTATE)	
20260403105341	20260403105341_f342fbf7-d1d3-48b1-83b0-03df78b6c590.sql	(sem SQLSTATE)	
20260403143300	20260403143300_701ef65b-b23c-4a62-9d26-ab2ce3c41081.sql	(sem SQLSTATE)	
20260404120721	20260404120721_737c9804-32e2-465b-bae5-f4ea40e8aa43.sql	(sem SQLSTATE)	
20260404122616	20260404122616_0a241f28-00e1-4aa8-a6a5-f6b94b842c7d.sql	(sem SQLSTATE)	
20260404130258	20260404130258_0bbab350-9d56-47f9-bf5e-40be677678e2.sql	(sem SQLSTATE)	
20260404155608	20260404155608_f5e48cdb-4e4f-46b3-830d-828d1b7c835d.sql	(sem SQLSTATE)	
20260404162353	20260404162353_6e1bde22-fed7-4f92-82a2-91f75ed0ea35.sql	(sem SQLSTATE)	
20260404162520	20260404162520_249862a5-69cf-466f-a6dd-4ae620eca775.sql	(sem SQLSTATE)	
20260404164213	20260404164213_1a301f52-ea75-4932-addc-1f78c2f036c7.sql	(sem SQLSTATE)	
20260404165124	20260404165124_7e6c72f1-1d5a-444a-8650-9ab5fe42300a.sql	(sem SQLSTATE)	
20260404165134	20260404165134_aea3930f-4210-440a-9000-84da6f189f8a.sql	(sem SQLSTATE)	
20260404165305	20260404165305_db833c78-ae55-4b76-acc6-d996a6f48088.sql	(sem SQLSTATE)	
20260404165628	20260404165628_528a1d90-2fce-44b1-8733-62647efc174a.sql	(sem SQLSTATE)	
20260404165759	20260404165759_18261565-2a4c-48e3-bcb3-dd7d3dee9e57.sql	(sem SQLSTATE)	
20260404170009	20260404170009_553172d0-af87-4688-ad64-00f2800df4a6.sql	(sem SQLSTATE)	
20260404170153	20260404170153_bd513d5d-4f25-4f46-b2b6-496d4fbc815b.sql	(sem SQLSTATE)	
20260404171314	20260404171314_81a99d4f-4af1-4afe-85f9-3612088d4df6.sql	(sem SQLSTATE)	
20260404171519	20260404171519_c7b16d5a-6c36-4649-9215-961e1480b8b4.sql	(sem SQLSTATE)	
20260404172100	20260404172100_80264f31-7ed6-41f1-928d-d21a4bf1769b.sql	(sem SQLSTATE)	
20260404172304	20260404172304_3c3f4a06-e027-4f21-99c4-e9ffd3d45ad0.sql	(sem SQLSTATE)	
20260404172448	20260404172448_b47ca20c-ea67-459f-aa6a-e70fad44054f.sql	(sem SQLSTATE)	
20260404172835	20260404172835_960de24d-84a2-47a1-8230-06b59f089113.sql	(sem SQLSTATE)	
20260404173036	20260404173036_2283ae7a-ed0d-410a-a7ba-cd1c5c86baf4.sql	(sem SQLSTATE)	
20260404173121	20260404173121_4b2eef2d-af92-41cb-9953-af62eb6fe3d6.sql	(sem SQLSTATE)	
20260404173442	20260404173442_82a03b18-c342-4c8f-ab99-8c86ea0ae5fd.sql	(sem SQLSTATE)	
20260404173531	20260404173531_a535b696-2e46-42d5-84bb-9ee0ed43fa83.sql	(sem SQLSTATE)	
20260404173544	20260404173544_3dd07cde-5fba-4381-ae79-6d7bf8269927.sql	(sem SQLSTATE)	
20260404173834	20260404173834_720e46ba-eee1-4681-be43-6fb20faa444a.sql	(sem SQLSTATE)	
20260404173941	20260404173941_26ed03e4-e874-44a0-b864-5db85b0ec44c.sql	(sem SQLSTATE)	
20260404174234	20260404174234_427dfde5-a3bc-409c-b818-842d9941b33b.sql	(sem SQLSTATE)	
20260404174354	20260404174354_30f2c688-f26a-4c18-9657-8448de6613bd.sql	(sem SQLSTATE)	
20260404174629	20260404174629_09b4d24e-1ead-4fdb-b31d-4293b9660724.sql	(sem SQLSTATE)	
20260404174826	20260404174826_2a7cc468-0dc4-44de-a806-6f28e4b7525f.sql	(sem SQLSTATE)	
20260404175012	20260404175012_fa4e2aaf-91d0-40ad-b97e-d05d4ae40d84.sql	(sem SQLSTATE)	
20260404175023	20260404175023_0bf42562-73b6-449c-9d8e-60e4fec12d27.sql	(sem SQLSTATE)	
20260405225633	20260405225633_d74bdb49-5c91-428a-b38d-29e661e5ae87.sql	(sem SQLSTATE)	
20260405230135	20260405230135_2bb8cb81-ac0c-44ad-b81e-d1bd2d4001a0.sql	(sem SQLSTATE)	
20260405230710	20260405230710_35b60740-aa0f-437d-9029-f5c0d8e1edf0.sql	(sem SQLSTATE)	
20260405230730	20260405230730_12b7eff4-0aac-4ed2-96b4-2c7fbea7b363.sql	(sem SQLSTATE)	
20260405230954	20260405230954_d70abc7d-c2bd-4ee9-b8af-31cf50383774.sql	(sem SQLSTATE)	
20260405231019	20260405231019_6b54ff1b-71cd-4c17-ab24-d0b9b6133f8f.sql	(sem SQLSTATE)	
20260405231047	20260405231047_b5419933-ee71-4620-acab-1899949c8493.sql	(sem SQLSTATE)	
20260406201803	20260406201803_ec21c5e7-dbc5-460d-9404-1483e5c60568.sql	(sem SQLSTATE)	
20260408183046	20260408183046_cbc3a11b-8793-47fd-9629-b7f09d388399.sql	(sem SQLSTATE)	
20260408190209	20260408190209_ec746445-1e50-466f-96b8-74c16fdbb7e2.sql	(sem SQLSTATE)	
20260408192150	20260408192150_3284a4fc-6569-4070-87a2-2340f2ff5395.sql	(sem SQLSTATE)	
20260408194438	20260408194438_1ad57139-c089-4711-86e1-71d8f461e02d.sql	(sem SQLSTATE)	
20260408201022	20260408201022_c282f1ff-2dca-4218-a840-f73fbfb4e82d.sql	(sem SQLSTATE)	
20260409000457	20260409000457_96ecc54a-a807-45af-8812-cea1f4a75df1.sql	(sem SQLSTATE)	
20260409001622	20260409001622_42b0689d-5d9d-4ace-b7b7-ab3104ee54d5.sql	(sem SQLSTATE)	
20260409003146	20260409003146_dbcd4d1a-7a81-4af8-954d-359575abbaa0.sql	(sem SQLSTATE)	
20260409014536	20260409014536_3a836b4b-1e37-411c-b8af-45d918304272.sql	(sem SQLSTATE)	
20260409020732	20260409020732_7e37c849-85fd-4308-88c9-7faa9dc18693.sql	(sem SQLSTATE)	
20260409100431	20260409100431_b1be1682-6494-4659-a9f4-6290237840fc.sql	(sem SQLSTATE)	
20260409190343	20260409190343_9e6b4939-a27d-4294-b9d8-516db9a02b21.sql	(sem SQLSTATE)	
20260409222809	20260409222809_7b8a951e-3892-4b0f-84b1-68820d2d2f27.sql	(sem SQLSTATE)	
20260409224329	20260409224329_51d839cf-6068-4a17-b32b-9a7e12866a61.sql	(sem SQLSTATE)	
20260409230220	20260409230220_808c7263-86d3-46c1-abd4-d84de0d5f73c.sql	(sem SQLSTATE)	
20260410004051	20260410004051_0624caa0-a920-4359-b8b8-4ecc1b114caf.sql	(sem SQLSTATE)	
20260410004117	20260410004117_43319d85-9f67-4f20-8474-e49ae5816b45.sql	(sem SQLSTATE)	
20260410103156	20260410103156_cc27889c-8fa6-488b-865a-8109be5ddc98.sql	(sem SQLSTATE)	
20260410103218	20260410103218_175cc6d5-faba-481c-9738-4358d41766bd.sql	(sem SQLSTATE)	
20260410103359	20260410103359_37e1053f-70b0-4432-97c1-97c9c0c9eb8f.sql	(sem SQLSTATE)	
20260410103425	20260410103425_460031ce-8b18-4663-9243-a592dccbb788.sql	(sem SQLSTATE)	
20260410103440	20260410103440_f098b0ea-0447-468e-8676-7a6145595e41.sql	(sem SQLSTATE)	
20260410103903	20260410103903_8633d77c-9382-4774-be74-1bf9e37f5717.sql	(sem SQLSTATE)	
20260410105209	20260410105209_872755b9-b0b5-4338-a541-688258a70ae9.sql	(sem SQLSTATE)	
20260410105335	20260410105335_f4d85d98-878c-4a7d-9933-691d7bbf616f.sql	(sem SQLSTATE)	
20260410105554	20260410105554_22f2a348-b8ee-463b-97ee-dff6ff1b6f83.sql	(sem SQLSTATE)	
20260410111418	20260410111418_c789a309-08e0-4b8d-9d00-684afca4c43d.sql	(sem SQLSTATE)	
20260411013951	20260411013951_4e81536b-9b38-482d-9b19-9a5f08386a94.sql	(sem SQLSTATE)	
20260411014003	20260411014003_8d75e4e0-e740-4c64-99ce-8303ce199293.sql	(sem SQLSTATE)	
20260411014247	20260411014247_1121dae9-8a7a-4280-92be-74fdb3674cb5.sql	(sem SQLSTATE)	
20260411014322	20260411014322_81c2afe0-766a-4277-860d-8b0425c81e96.sql	(sem SQLSTATE)	
20260411014416	20260411014416_24efbcf0-0384-4544-b54f-7696df32de32.sql	(sem SQLSTATE)	
20260411110341	20260411110341_6730414e-f024-4fe2-ab94-e148284538fc.sql	(sem SQLSTATE)	
20260411110716	20260411110716_ea3415cc-fc53-46cf-829a-09da4fe122bc.sql	(sem SQLSTATE)	
20260411110739	20260411110739_05df30b6-899d-4156-8db2-c082f15a20f7.sql	(sem SQLSTATE)	
20260411110804	20260411110804_863265b0-05d5-40cf-96cb-f4d6014dfe3d.sql	(sem SQLSTATE)	
20260411110918	20260411110918_002e28c7-014b-414b-a144-6a26c6745bf2.sql	(sem SQLSTATE)	
20260411111153	20260411111153_71a9e239-1133-4736-b07c-ecf469d1a0e5.sql	(sem SQLSTATE)	
20260411111219	20260411111219_f020bb60-5e95-4a64-b298-82615db10074.sql	(sem SQLSTATE)	
20260411111326	20260411111326_e24d4145-199f-4139-a5b7-d4be8f2d9387.sql	(sem SQLSTATE)	
20260411111338	20260411111338_3f9f51ba-865c-498d-92f2-dfa981aae78e.sql	(sem SQLSTATE)	
20260411111454	20260411111454_e3176142-54ca-44b7-a26f-1548ce9832a3.sql	(sem SQLSTATE)	
20260411111602	20260411111602_7c3e66e6-19c5-4863-963c-091b950c04e0.sql	(sem SQLSTATE)	
20260411111648	20260411111648_f0e13682-43a9-48f2-b582-138ca2dba1ed.sql	(sem SQLSTATE)	
20260411155752	20260411155752_d0db48a0-a6bd-49cc-b03d-4ecc779d5d2f.sql	(sem SQLSTATE)	
20260411160135	20260411160135_3d7085a7-1730-48d2-aea3-041091bf8940.sql	(sem SQLSTATE)	
20260411212151	20260411212151_378cb9d4-5752-4a7e-a1e9-a13d716e2285.sql	(sem SQLSTATE)	
20260412170036	20260412170036_1c09550f-234f-4215-954f-9e0efd5ed610.sql	(sem SQLSTATE)	
20260412171141	20260412171141_a898bf78-7cc5-4363-9792-57e277ab08e4.sql	(sem SQLSTATE)	
20260412185019	20260412185019_7845e07c-217e-48ae-a7dc-2afb1fdcc843.sql	(sem SQLSTATE)	
20260413123216	20260413123216_c48f8862-af0c-48bd-8037-475fb9977550.sql	(sem SQLSTATE)	
20260413123944	20260413123944_b60de33d-6bf0-4cee-b5f9-97d244045b53.sql	(sem SQLSTATE)	
20260413133214	20260413133214_75a73092-8328-4b6a-8bac-9e2a75934a4d.sql	(sem SQLSTATE)	
20260511233306	20260511233306_0e3f3b66-5585-4762-af6b-549c050f6275.sql	(sem SQLSTATE)	
20260511233446	20260511233446_8d6e4a17-a6df-4ae5-acaa-5d51c316f894.sql	(sem SQLSTATE)	
20260511233517	20260511233517_938006dd-8486-4c9b-a789-8c3f5425ad78.sql	(sem SQLSTATE)	
20260619191426	20260619191426_101f55ed-e160-462e-9c33-a7f8f2dae8cf.sql	(sem SQLSTATE)	
20260619194729	20260619194729_ecd46f46-c852-405a-9f18-cd9c95a65025.sql	(sem SQLSTATE)	
20260628110559	20260628110559_51d49930-e6c0-4491-ad50-f3c8fff72537.sql	(sem SQLSTATE)	
20260826210200	20260826210200_realtime_publication_d5.sql	(sem SQLSTATE)	
20260827120000	20260827120000_fk_indexes_backfill.sql	(sem SQLSTATE)	
20260827120100	20260827120100_schema_hygiene_views_policy_comments.sql	(sem SQLSTATE)	
20260827130500	20260827130500_vacuum_autovacuum_threshold_reset_m05.sql	(sem SQLSTATE)	
20260827130600	20260827130600_security_revokes_clear_login_gmail_creds.sql	(sem SQLSTATE)	
20260827210200	20260827210200_email_attachments_table.sql	(sem SQLSTATE)	
20260828190000	20260828190000_realtime_publish_subscribed_tables.sql	(sem SQLSTATE)	
20260828210000	20260828210000_get_own_gmail_accounts_filter_active.sql	(sem SQLSTATE)	
20260828220000	20260828220000_gmail_accounts_history_watch.sql	(sem SQLSTATE)	
20260828220100	20260828220100_email_attachments_unique_msg_att.sql	(sem SQLSTATE)	
20260828230000	20260828230000_realtime_replica_identity_full.sql	(sem SQLSTATE)	
20260829010000	20260829010000_idx_email_threads_account_date.sql	(sem SQLSTATE)	
20260829010100	20260829010100_message_id_header_and_idx_email_messages_thread_date.sql	(sem SQLSTATE)	
20260829030000	20260829030000_drop_insert_policies_email.sql	(sem SQLSTATE)	
20260829050000	20260829050000_ai_providers_config_update.sql	(sem SQLSTATE)	
20260829120000	20260829120000_revoke_anon_ai_providers.sql	(sem SQLSTATE)	
20260830020000	20260830020000_backfill_role_audit_baseline.sql	(sem SQLSTATE)	
20260830030000	20260830030000_audit_role_permissions_trigger.sql	(sem SQLSTATE)	
20260830040000	20260830040000_idx_audit_logs_action_created_composite.sql	(sem SQLSTATE)	
20260830050000	20260830050000_fn_get_identity_matrix.sql	(sem SQLSTATE)	
20260830070000	20260830070000_fn_effective_role_and_sync_trigger.sql	(sem SQLSTATE)	
20260830080000	20260830080000_fn_is_admin_and_fix_permissions_rls.sql	(sem SQLSTATE)	
20260830090000	20260830090000_seed_special_agent_role_permissions.sql	(sem SQLSTATE)	
20260830100000	20260830100000_fix_contacts_select_for_special_agent.sql	(sem SQLSTATE)	
20260830110000	20260830110000_extend_special_agent_visibility_to_related_tables.sql	(sem SQLSTATE)	
20260830120000	20260830120000_fix_agent_visibility_grants_constraints_and_policy.sql	(sem SQLSTATE)	
20260830140000	20260830140000_deprecate_profiles_access_level_permissions_columns.sql	(sem SQLSTATE)	
20260830150000	20260830150000_gate16_admin_only_write_policies.sql	(sem SQLSTATE)	
20260830161547	20260830161547_fix_prevent_privilege_escalation_allow_internal_sync.sql	(sem SQLSTATE)	
20260830170000	20260830170000_get_team_profiles_active_filter.sql	(sem SQLSTATE)	
20260831150000	20260831150000_replace_expiring_storage_urls_with_locators.sql	(sem SQLSTATE)	
20260901000002	20260901000002_messages_unique_dedup_index.sql	(sem SQLSTATE)	
20260901100001	20260901100001_add_last_sender_to_email_threads.sql	(sem SQLSTATE)	
20260901100002	20260901100002_fix_ux_messages_dedup_partial_to_full.sql	(sem SQLSTATE)	
20260901100003	20260901100003_create_contact_identity_map_e32.sql	(sem SQLSTATE)	
20260901200001	20260901200001_e23_default_queue_rls_policies.sql	(sem SQLSTATE)	
20260901210000	20260901210000_fix_connection_idor_and_drop_dead_secdef.sql	(sem SQLSTATE)	
20260902000200	20260902000200_fix_cron_avatars_refresh_key.sql	(sem SQLSTATE)	
20260902000500	20260902000500_fix_idor_get_connection_functions.sql	(sem SQLSTATE)	
20260902000800	20260902000800_analyze_hot_tables.sql	(sem SQLSTATE)	
20260902023200	20260902023200_consolidate_rls_select_messages_contacts.sql	(sem SQLSTATE)	
20260902023300	20260902023300_add_check_constraints_high_write_tables.sql	(sem SQLSTATE)	
20260902100002	20260902100002_mime_restrictions_team_chat_files.sql	(sem SQLSTATE)	
20260902100003	20260902100003_lid_audit_snapshot.sql	(sem SQLSTATE)	
20260902100004	20260902100004_e54_drop_dead_indexes_fix_search_contacts.sql	(sem SQLSTATE)	
20260902100005	20260902100005_e24_backfill_assigned_to_active_contacts.sql	(sem SQLSTATE)	
20260902120000	20260902120000_team_chat_v3_parity_reactions_status_departments.sql	(sem SQLSTATE)	
20260902120001	20260902120001_add_department_id_columns.sql	(sem SQLSTATE)	
20260902150000	20260902150000_audit_fix_secdef_search_path_realtime_indexes.sql	(sem SQLSTATE)	
20260902200000	20260902200000_fix_team_message_reactions_membership_tautology.sql	(sem SQLSTATE)	
20260902210000	20260902210000_revoke_departments_secrets_from_authenticated.sql	(sem SQLSTATE)	
20260902210334	20260902210334_messages_external_id_unique_index.sql	(sem SQLSTATE)	
20260902220001	20260902220001_idx_messages_contact_media.sql	(sem SQLSTATE)	
20260903225000	20260903225000_sla_first_response_v2.sql	(sem SQLSTATE)	
20260903230000	20260903230000_add_fk_indexes.sql	(sem SQLSTATE)	
20260903240000	20260903240000_revoke_excessive_anon_grants.sql	(sem SQLSTATE)	
20260903260000	20260903260000_revoke_unnecessary_anon_grants.sql	(sem SQLSTATE)	
20260904300000	20260904300000_revoke_anon_trigger_function_execute.sql	(sem SQLSTATE)	
20260904310000	20260904310000_hotfix_restore_is_account_locked_anon_grant.sql	(sem SQLSTATE)	
20260905030000	20260905030000_private_media_buckets.sql	(sem SQLSTATE)	
20260905040000	20260905040000_drop_lid_snapshot_and_table_comments.sql	(sem SQLSTATE)	
20260905060000	20260905060000_feature_flags.sql	(sem SQLSTATE)	
20260905070000	20260905070000_ingest_lock_feature_flags_audit_rate_limit_cleanup.sql	(sem SQLSTATE)	
20260905080000	20260905080000_conversation_status_fsm.sql	(sem SQLSTATE)	
20260905090000	20260905090000_contacts_fsm_trigger.sql	(sem SQLSTATE)	
20260906000001	20260906000001_e31_contacts_is_lid_legacy.sql	(sem SQLSTATE)	
20260906000002	20260906000002_fk_indexes.sql	(sem SQLSTATE)	
20260906000003	20260906000003_fk_indexes_batch2.sql	(sem SQLSTATE)	
20260906140000	20260906140000_fix_contacts_update_policy_queue_members.sql	(sem SQLSTATE)	
20260907120000	20260907120000_add_get_last_message_dates_rpc.sql	(sem SQLSTATE)	
20260907200000	20260907200000_add_get_conversation_tab_counts_rpc.sql	(sem SQLSTATE)	
20260907230000	20260907230000_contact_notes_category_done_due.sql	(sem SQLSTATE)	
20260908120000	20260908120000_talkx_segments_templates_events.sql	(sem SQLSTATE)	
20260908180000	20260908180000_crm_contact_links_and_sync_outbox.sql	(sem SQLSTATE)	
20260908220000	20260908220000_harden_crm_sync_outbox_leases.sql	(sem SQLSTATE)	
20260909120000	20260909120000_validate_crm_outbox_acl_and_atomic_merge.sql	(sem SQLSTATE)	
20260909130000	20260909130000_talkx_template_versions_custom_variables.sql	(sem SQLSTATE)	
20260909150000	20260909150000_talkx_template_variants_ab.sql	(sem SQLSTATE)	
20260909180000	20260909180000_disable_legacy_public_api_token.sql	(sem SQLSTATE)	
20260909200000	20260909200000_harden_inbox_contact_authorization.sql	(sem SQLSTATE)	
20260909210000	20260909210000_canonicalize_talkx_template_history.sql	(sem SQLSTATE)	
20260909220000	20260909220000_add_message_delivery_and_atomic_closure_rpcs.sql	(sem SQLSTATE)	
20260909230000	20260909230000_canonicalize_talkx_history_saved_by_fk.sql	(sem SQLSTATE)	
20260909240000	20260909240000_revoke_service_role_message_enqueue_and_guards.sql	(sem SQLSTATE)	
20260909250000	20260909250000_allow_location_in_atomic_outbound_delivery.sql	(sem SQLSTATE)	
20260909260000	20260909260000_add_atomic_rich_outbound_messages.sql	(sem SQLSTATE)	
20260910090000	20260910090000_talkx_blacklist_v2.sql	(sem SQLSTATE)	
20260910100000	20260910100000_restrict_talkx_blacklist_update_policy.sql	(sem SQLSTATE)	
20260911120000	20260911120000_talkx_e87_external_id_delivered.sql	(sem SQLSTATE)	
20260911130000	20260911130000_add_talkx_recipient_delivery_leases.sql	(sem SQLSTATE)	
20260911140000	20260911140000_harden_talkx_campaign_state_transitions.sql	(sem SQLSTATE)	
20260911150000	20260911150000_add_talkx_campaign_transition_rpc.sql	(sem SQLSTATE)	
20260911160000	20260911160000_harden_talkx_campaign_insert_and_draft_delete.sql	(sem SQLSTATE)	
20260911180000	20260911180000_quarantine_talkx_unknown_provider_outcomes.sql	(sem SQLSTATE)	
20260911190000	20260911190000_account_for_talkx_unknown_provider_outcomes.sql	(sem SQLSTATE)	
20260911200000	20260911200000_persist_talkx_schedule_timezone.sql	(sem SQLSTATE)	
20260912110000	20260912110000_harden_talkx_delivery_receipts.sql	(sem SQLSTATE)	
20260912120000	20260912120000_snapshot_talkx_recipient_messages.sql	(sem SQLSTATE)	
20260912130000	20260912130000_harden_talkx_draft_save.sql	(sem SQLSTATE)	
20260912140000	20260912140000_harden_talkx_runtime_acl_and_validate_constraints.sql	(sem SQLSTATE)	
20260913122557	20260913122557_catalog_send_events.sql	(sem SQLSTATE)	
20260916130000	20260916130000_talkx_e86_rpcs_indexes_trigger.sql	(sem SQLSTATE)	
20260916140000	20260916140000_talkx_e88_replies.sql	(sem SQLSTATE)	
20260916150000	20260916150000_talkx_e89_benchmarks.sql	(sem SQLSTATE)	
20260916160000	20260916160000_fk_indexes_and_search_path_hardening.sql	(sem SQLSTATE)	
20260916170000	20260916170000_fix_talkx_metrics_view_rls_bypass.sql	(sem SQLSTATE)	
20260916180000	20260916180000_talkx_rpc_null_guards_and_reply_index.sql	(sem SQLSTATE)	
20260916190000	20260916190000_fix_talkx_benchmarks_and_campaign_report.sql	(sem SQLSTATE)	
20260916200000	20260916200000_talkx_e90_links.sql	(sem SQLSTATE)	
20260916210000	20260916210000_talkx_e91_resilience.sql	(sem SQLSTATE)	
20260916220000	20260916220000_fix_talkx_benchmarks_anon_grant_and_e90_execute.sql	(sem SQLSTATE)	
20260916230000	20260916230000_talkx_e93_settings.sql	(sem SQLSTATE)	
20260916240000	20260916240000_revoke_anon_conversation_status_and_message_dates.sql	(sem SQLSTATE)	
20260916260000	20260916260000_talkx_links_slug_case_insensitive.sql	(sem SQLSTATE)	
20260916270000	20260916270000_talkx_link_click_idor_guard.sql	(sem SQLSTATE)	
20260916280000	20260916280000_fix_talkx_link_click_lower_match_regression.sql	(sem SQLSTATE)	
20260916290000	20260916290000_harden_e90_table_grants.sql	(sem SQLSTATE)	
20260920120000	20260920120000_talkx_e90_fk_indexes.sql	(sem SQLSTATE)	
20260920120100	20260920120100_autovacuum_hot_tables.sql	(sem SQLSTATE)	
20260922130000	20260922130000_fix_talkx_campaign_metrics_view_and_link_clicks_rls.sql	(sem SQLSTATE)	
20260922220000	20260922220000_atomic_call_and_sentiment_notifications.sql	(sem SQLSTATE)	
20260923175500	20260923175500_allow_personal_tasks_without_contact.sql	(sem SQLSTATE)	
20260924100000	20260924100000_revoke_anon_talkx_rpc_grants.sql	(sem SQLSTATE)	
20260924110946	20260924110946_add_with_check_conversation_tasks_update.sql	(sem SQLSTATE)	
20260924120000	20260924120000_role_change_audit_attribution.sql	(sem SQLSTATE)	
20260924123033	20260924123033_fix_catalog_send_events_insert_policy_anon_bypass.sql	(sem SQLSTATE)	
20260924133700	20260924133700_prevent_contact_queue_hijack.sql	(sem SQLSTATE)	
20260924221209	20260924221209_harden_security_definer_rpcs_pii_gaps.sql	(sem SQLSTATE)	
20260924224823	20260924224823_fix_talkx_link_clicks_rls.sql	(sem SQLSTATE)	
20260924225551	20260924225551_add_messages_perf_indexes.sql	(sem SQLSTATE)	
20260924230500	20260924230500_fix_contact_id_idor_snoozes_pins_favorites.sql	(sem SQLSTATE)	
20260925100500	20260925100500_mask_team_profiles_pii_lock_trusted_domains.sql	(sem SQLSTATE)	
20260925100657	20260925100657_admin_set_role_last_admin_floor.sql	(sem SQLSTATE)	
20260925120000	20260925120000_fix_messages_insert_rls_contact_visibility.sql	(sem SQLSTATE)	
20260925130000	20260925130000_add_to_authenticated_catalog_send_events_favorites.sql	(sem SQLSTATE)	
20260925150000	20260925150000_dashboard_fase1_rls_indices.sql	(sem SQLSTATE)	
20260925153000	20260925153000_revoke_anon_execute_notify_due_reminders.sql	(sem SQLSTATE)	
20260925153100	20260925153100_add_idx_reminders_due_pending.sql	(sem SQLSTATE)	
20260925160000	20260925160000_dashboard_fase3_hourly_volume_rpc.sql	(sem SQLSTATE)	
20260925162737	20260925162737_dashboard_fase3_contact_counts_rpc.sql	(sem SQLSTATE)	
20260925170100	20260925170100_add_notify_due_reminders.sql	(sem SQLSTATE)	
20260925172511	20260925172511_dashboard_fase4_filters_e31_e32_e33.sql	(sem SQLSTATE)	
20260925185436	20260925185436_gamification_triggers_eventos_reais.sql	(sem SQLSTATE)	
20260925190001	20260925190001_dashboard_e42_seed_goals_by_role.sql	(sem SQLSTATE)	
20260925194151	20260925194151_dashboard_e39_sentiment_alerts_rpc.sql	(sem SQLSTATE)	
20260925203000	20260925203000_revoke_anon_execute_cron_only_functions.sql	(sem SQLSTATE)	
20260925211500	20260925211500_feature_flag_searchbox_autocomplete.sql	(sem SQLSTATE)	
20260925221406	20260925221406_dashboard_fix_p_agent_uuid_perf_and_fanout.sql	(sem SQLSTATE)	
20260925223000	20260925223000_messages_update_policy_queue_parity.sql	(sem SQLSTATE)	
20260925230700	20260925230700_revoke_anon_execute_dashboard_sentiment_alerts.sql	(sem SQLSTATE)	
20260926100134	20260926100134_dashboard_revoke_anon_execute_rpcs.sql	(sem SQLSTATE)	
20260926100302	20260926100302_dashboard_revoke_public_execute_rpcs.sql	(sem SQLSTATE)	
20260926113806	20260926113806_scheduled_report_configs_owner_only.sql	(sem SQLSTATE)	
20260926120500	20260926120500_searchbox_session_budget_rpc.sql	(sem SQLSTATE)	
20260926140000	20260926140000_fix_scheduled_report_configs_insert_owner_check.sql	(sem SQLSTATE)	
20260926150000	20260926150000_seed_multiplix_audience_permissions.sql	(sem SQLSTATE)	
20260926161000	20260926161000_multiplix_dispatches_schema.sql	(sem SQLSTATE)	
20260926180000	20260926180000_multiplix_send_engine.sql	(sem SQLSTATE)	
20260926200000	20260926200000_e17_referential_integrity_fks.sql	(sem SQLSTATE)	
20260926220000	20260926220000_fix_search_path_redact_crm_sync_and_harden_search_contacts_acl.sql	(sem SQLSTATE)	
20260926230000	20260926230000_multiplix_realtime_publication.sql	(sem SQLSTATE)	
20260926240000	20260926240000_restrict_gmail_accounts_cascade.sql	(sem SQLSTATE)	
20260926250000	20260926250000_e17_fk_indexes.sql	(sem SQLSTATE)	
20260926410000	20260926410000_add_fk_support_indexes.sql	(sem SQLSTATE)	
20260926420000	20260926420000_ai_usage_query_telemetry_set_null.sql	(sem SQLSTATE)	
20260926800000	20260926800000_calls_telefonia_v2.sql	(sem SQLSTATE)	
20260927000001	20260927000001_audit_fix_fsm_rls_indexes.sql	(sem SQLSTATE)	
20260927100001	20260927100001_webhook_failures_rls_policy.sql	(sem SQLSTATE)	
20260927130000	20260927130000_dashboard_rpc_composite_indices.sql	(sem SQLSTATE)	
20260927130001	20260927130001_multiplix_rls_fix_public_to_authenticated.sql	(sem SQLSTATE)	
20260927210000	20260927210000_multiplix_rls_hardening_realtime_pii.sql	(sem SQLSTATE)	
20260927250000	20260927250000_revoke_gamification_trigger_execute.sql	(sem SQLSTATE)	
20260927270000	20260927270000_team_chat_e09_member_own_row_update_policy.sql	(sem SQLSTATE)	
20260927270003	20260927270003_team_chat_e12_check_constraints.sql	(sem SQLSTATE)	
20260927270005	20260927270005_team_chat_e14_team_message_receipts.sql	(sem SQLSTATE)	
20260927270011	20260927270011_team_chat_e20_realtime_publication.sql	(sem SQLSTATE)	
20260927270012	20260927270012_team_chat_e21_storage_select_policy.sql	(sem SQLSTATE)	
20260927270014	20260927270014_team_chat_e23_delete_policy_team_conversations.sql	(sem SQLSTATE)	
20260927270015	20260927270015_team_chat_e25_fix_update_policy.sql	(sem SQLSTATE)	
20260927270016	20260927270016_team_chat_e26_fix_receipt_insert_policy.sql	(sem SQLSTATE)	
20260927280000	20260927280000_multiplix_blocks_table.sql	(sem SQLSTATE)	
20260927310000	20260927310000_revoke_trigger_functions_anon_execute.sql	(sem SQLSTATE)	
20260927380000	20260927380000_fix_gamification_input_validation.sql	(sem SQLSTATE)	
20260927400000	20260927400000_accept_department_invite_rpc.sql	(sem SQLSTATE)	
20260927420000	20260927420000_talkx_recipients_realtime_pii_strip.sql	(sem SQLSTATE)	
20260927440000	20260927440000_gamification_rls_and_input_fixes.sql	(sem SQLSTATE)	
20260927450000	20260927450000_fix_indexes_checks_cleanup.sql	(sem SQLSTATE)	
20260927460000	20260927460000_revoke_sync_contact_status_closure_anon.sql	(sem SQLSTATE)	
20260927470000	20260927470000_fix_gamification_closure_upsert_and_backfill.sql	(sem SQLSTATE)	
20260927480000	20260927480000_revoke_accept_department_invite_public_anon.sql	(sem SQLSTATE)	
20260927490000	20260927490000_fix_accept_department_invite_profile_id.sql	(sem SQLSTATE)	
20260927500000	20260927500000_gamification_bigint_and_daily_ratelimit.sql	(sem SQLSTATE)	
20260927500001	20260927500001_talkx_e27_realtime_campaign_events.sql	(sem SQLSTATE)	
20260927510001	20260927510001_add_sync_contact_status_on_closure_trigger.sql	(sem SQLSTATE)	
20260927520000	20260927520000_add_department_rls_policies.sql	(sem SQLSTATE)	
20260927530000	20260927530000_security_revoke_anon_9rpcs_wa_tag_search_path.sql	(sem SQLSTATE)	
20260927540000	20260927540000_security_gamification_guards_e2e_cleanup_avg_null.sql	(sem SQLSTATE)	
20260927550000	20260927550000_perf_fk_indexes_domain_checks_drop_orphans.sql	(sem SQLSTATE)	
20260927560000	20260927560000_fix_gamification_messages_received.sql	(sem SQLSTATE)	
20260927570000	20260927570000_talkx_e27_realtime_campaign_events.sql	(sem SQLSTATE)	
20260927590000	20260927590000_conversation_closures_dedupe_and_unique_per_day.sql	(sem SQLSTATE)	
20260927600000	20260927600000_fix_multiplix_dispatch_start_sending.sql	(sem SQLSTATE)	
20260927630000	20260927630000_add_conversation_id_to_team_message_reactions.sql	(sem SQLSTATE)	
20260928140000	20260928140000_tasks_unify_reminders_kanban.sql	(sem SQLSTATE)	
20260928200000	20260928200000_conversation_tasks_realtime_drift.sql	(sem SQLSTATE)	
20260928210000	20260928210000_reconcile_conversation_tasks_realtime_publication.sql	(sem SQLSTATE)	
20260928370000	20260928370000_fix_talkx_segments_rls_authenticated_update_check.sql	(sem SQLSTATE)	
20260928410000	20260928410000_fix_talkx_campaign_metrics_security_invoker.sql	(sem SQLSTATE)	
20260928430000	20260928430000_team_chat_fix_policies_to_authenticated.sql	(sem SQLSTATE)	
20260928440000	20260928440000_team_chat_receipts_conversation_id.sql	(sem SQLSTATE)	
20260928450000	20260928450000_team_chat_e09_revoke_ddl_privs.sql	(sem SQLSTATE)	
20260928460000	20260928460000_team_chat_e10_revoke_all_anon.sql	(sem SQLSTATE)	
20260928490000	20260928490000_team_chat_e13_receipts_hardening.sql	(sem SQLSTATE)	
20260928500000	20260928500000_team_chat_e14_department_invitations_schema.sql	(sem SQLSTATE)	
20260928510000	20260928510000_team_chat_e15_accept_department_invite_rpc.sql	(sem SQLSTATE)	
20260928530000	20260928530000_team_chat_e17_department_audit_logs_hardening.sql	(sem SQLSTATE)	
20260928540000	20260928540000_team_chat_e18_departments_whatsapp_config.sql	(sem SQLSTATE)	
20260928550000	20260928550000_team_chat_e19_department_whatsapp_cred_rpc.sql	(sem SQLSTATE)	
20260928560000	20260928560000_team_chat_e20_storage_team_chat_files.sql	(sem SQLSTATE)	
20260928570000	20260928570000_team_chat_e21_team_conversations_update_policy.sql	(sem SQLSTATE)	
20260928600000	20260928600000_team_chat_e25_team_messages_integrity.sql	(sem SQLSTATE)	
20260929160000	20260929160000_team_chat_e26_message_type_media_constraint.sql	(sem SQLSTATE)	
20260929190000	20260929190000_team_chat_e29_conversations_constraints.sql	(sem SQLSTATE)	
20260929200000	20260929200000_team_chat_e30_dept_conversation_constraints.sql	(sem SQLSTATE)	
20260929220000	20260929220000_team_chat_e32_reactions_hardening.sql	(sem SQLSTATE)	
20260929230000	20260929230000_team_chat_e33_receipts_consistency_check.sql	(sem SQLSTATE)	
20260929240000	20260929240000_team_chat_e34_drift_mirror_metadata_realtime.sql	(sem SQLSTATE)	
20260929250000	20260929250000_team_chat_e35_comment_on_tables.sql	(sem SQLSTATE)	
20260929370000	20260929370000_contacts_soft_delete_and_search_filters.sql	(sem SQLSTATE)	
20260929380000	20260929380000_disable_sicoob_bridge_trigger.sql	(sem SQLSTATE)	
20260929420000	20260929420000_fix_talkx_transition_overload_and_status_check.sql	(sem SQLSTATE)	
20260929440000	20260929440000_team_chat_e51_receipts_conversation_id_not_null_trigger.sql	(sem SQLSTATE)	
20260929560000	20260929560000_contacts_conversation_status_and_grants.sql	(sem SQLSTATE)	
20260929570000	20260929570000_multiplix_hardening_grants_rls_blocks.sql	(sem SQLSTATE)	
20260929580000	20260929580000_multiplix_policies_consolidation.sql	(sem SQLSTATE)	
20260929590000	20260929590000_multiplix_mutability_guard.sql	(sem SQLSTATE)	
20260929600000	20260929600000_multiplix_send_engine_fixes.sql	(sem SQLSTATE)	
20260929610000	20260929610000_multiplix_cron_window_and_limits.sql	(sem SQLSTATE)	
20260929620000	20260929620000_multiplix_realtime_column_scope.sql	(sem SQLSTATE)	
20260929630000	20260929630000_multiplix_create_draft.sql	(sem SQLSTATE)	
20260929640000	20260929640000_multiplix_dispatch_manage_all_permission.sql	(sem SQLSTATE)	
20260929650000	20260929650000_catalog_grants_append_only.sql	(sem SQLSTATE)	
20260929730000	20260929730000_talkx_events_contract_v11.sql	(sem SQLSTATE)	
20260929770000	20260929770000_contacts_can_edit_contact_helper.sql	(sem SQLSTATE)	
20260929780000	20260929780000_contacts_single_permission_predicate.sql	(sem SQLSTATE)	
20260929810000	20260929810000_contacts_can_edit_contact_hoisted_params.sql	(sem SQLSTATE)	
20260929820000	20260929820000_contacts_can_delete_contacts_hoisted_params.sql	(sem SQLSTATE)	
