id,priority,area,review_state,title,first_evidence_url,source_report
R2-AUTH-001,P1,auth,CONFIRMED_SOURCE_BEHAVIOR,"WebAuthn aceita verificação sem assinatura, authenticatorData ou validação de origem",https://github.com/adm01-debug/Zapp_Web_V2/blob/da307ba5626dce892f0b37cb6762463f55d14a96/supabase/functions/webauthn/index.ts#L97-L128,reports/auth/findings.json
R2-AUTH-002,P1,auth,CONFIRMED_SOURCE_BEHAVIOR,Login com passkey anuncia autenticação mas somente inicia OTP por email,https://github.com/adm01-debug/Zapp_Web_V2/blob/da307ba5626dce892f0b37cb6762463f55d14a96/src/hooks/auth/useAuthForm.ts#L189-L202,reports/auth/findings.json
R2-AUTH-003,P1,auth,CONFIRMED_SOURCE_BEHAVIOR,MFA no login está fora da cadeia de autorização das rotas,https://github.com/adm01-debug/Zapp_Web_V2/blob/da307ba5626dce892f0b37cb6762463f55d14a96/src/hooks/auth/useAuthForm.ts#L53-L57,reports/auth/findings.json
R2-AUTH-004,P1,auth,CONFIRMED_SOURCE_BEHAVIOR,"Desativar usuário, forçar logout e encerrar dispositivos não revogam sessões Auth",https://github.com/adm01-debug/Zapp_Web_V2/blob/da307ba5626dce892f0b37cb6762463f55d14a96/src/components/admin/ForceLogoutButton.tsx#L26-L61,reports/auth/findings.json
R2-AUTH-006,P1,auth,CONFIRMED_SOURCE_BEHAVIOR,Recuperação anônima consulta profiles protegido e não cria solicitação,https://github.com/adm01-debug/Zapp_Web_V2/blob/da307ba5626dce892f0b37cb6762463f55d14a96/src/pages/ForgotPassword.tsx#L37-L68,reports/auth/findings.json
R2-AUTH-007,P1,auth,CONFIRMED_SOURCE_BEHAVIOR,Aprovar recuperação gera link que a UI descarta e anuncia email não enviado,https://github.com/adm01-debug/Zapp_Web_V2/blob/da307ba5626dce892f0b37cb6762463f55d14a96/supabase/functions/approve-password-reset/index.ts#L39-L104,reports/auth/findings.json
R2-AUTH-008,P1,auth,CONFIRMED_SOURCE_BEHAVIOR,Troca de papel apaga privilégios antes de confirmar a nova atribuição,https://github.com/adm01-debug/Zapp_Web_V2/blob/da307ba5626dce892f0b37cb6762463f55d14a96/src/components/admin/useAdminData.ts#L104-L113,reports/auth/findings.json
R2-AUTH-009,P1,auth,CONFIRMED_SOURCE_BEHAVIOR,Matriz anuncia permissão removida mesmo quando a revogação retorna erro,https://github.com/adm01-debug/Zapp_Web_V2/blob/da307ba5626dce892f0b37cb6762463f55d14a96/src/hooks/system/usePermissions.ts#L119-L141,reports/auth/findings.json
R2-AUTH-010,P1,auth,CONFIRMED_SOURCE_BEHAVIOR,Rascunho e resposta do Team Chat atravessam conversas e permanecem entre contas,https://github.com/adm01-debug/Zapp_Web_V2/blob/da307ba5626dce892f0b37cb6762463f55d14a96/src/components/team-chat/TeamChatView.tsx#L35-L54,reports/auth/findings.json
R2-AUTH-018,P1,auth,CONFIRMED_SOURCE_BEHAVIOR,Inteligência CRM aceita pessoa externa diferente do vínculo estável,https://github.com/adm01-debug/Zapp_Web_V2/blob/da307ba5626dce892f0b37cb6762463f55d14a96/supabase/functions/crm-integration/index.ts#L568-L589,reports/auth/findings.json
R2-AUTH-022,P1,auth,CONFIRMED_SOURCE_BEHAVIOR,Bloqueios de IP/país e regras configuráveis não dirigem a autorização local,https://github.com/adm01-debug/Zapp_Web_V2/blob/da307ba5626dce892f0b37cb6762463f55d14a96/src/components/security/SecurityView.tsx#L127-L142,reports/auth/findings.json
R2-CALL-001,P1,calls,CONFIRMED_SOURCE_BEHAVIOR,Evento tardio da sessão SIP anterior altera a chamada seguinte,https://github.com/adm01-debug/Zapp_Web_V2/blob/da307ba5626dce892f0b37cb6762463f55d14a96/src/lib/calls/adapters/CallEngine.ts#L162-L194,reports/calls/findings.json
R2-COM-001,P1,communication,CONFIRMED_SOURCE_BEHAVIOR,Conversa de Email entra em ciclo de atualização ao repassar contexto ao painel,https://github.com/adm01-debug/Zapp_Web_V2/blob/da307ba5626dce892f0b37cb6762463f55d14a96/src/components/email/EmailChatInbox.tsx#L37-L45,reports/communication/findings.json
R2-COM-009,P1,communication,CONFIRMED_SOURCE_BEHAVIOR,Retorno OAuth do Gmail prossegue apesar de state ausente ou inválido,https://github.com/adm01-debug/Zapp_Web_V2/blob/da307ba5626dce892f0b37cb6762463f55d14a96/src/lib/gmailOAuth.ts#L25-L55,reports/communication/findings.json
R2-DB-001,P1,database,CONFIRMED_SOURCE_BEHAVIOR,Nova sobrecarga de registro de chamadas permite escrita privilegiada por PUBLIC,https://github.com/adm01-debug/Zapp_Web_V2/blob/da307ba5626dce892f0b37cb6762463f55d14a96/supabase/migrations/20261002531230_t26_record_incoming_call_event_direction.sql#L21-L34,reports/database/findings.json
R2-DB-003,P1,database,CONFIRMED_SOURCE_BEHAVIOR,Resolver Singu devolve metadados de empresas e contatos classificados fora do escopo,https://github.com/adm01-debug/Zapp_Web_V2/blob/da307ba5626dce892f0b37cb6762463f55d14a96/supabase/migrations/_foreign/singu/20261001160000_singu_guard_hmac_escopo.sql#L28-L86,reports/database/findings.json
R2-DB-004,P1,database,CONFIRMED_SOURCE_BEHAVIOR,Reserva de orçamento de IA aceita chave já encerrada enquanto o consumidor chama o provedor novamente,https://github.com/adm01-debug/Zapp_Web_V2/blob/da307ba5626dce892f0b37cb6762463f55d14a96/supabase/migrations/20261002361230_ia043_ia044_rate_limit_e_orcamento.sql#L99-L127,reports/database/findings.json
R2-DB-007,P1,database,CONFIRMED_SOURCE_BEHAVIOR,As duas rotinas de concluir dispatch ainda atribuem CASE text a coluna enum,https://github.com/adm01-debug/Zapp_Web_V2/blob/da307ba5626dce892f0b37cb6762463f55d14a96/supabase/migrations/20261001201230_f30_multiplix_enums_modelo_v2.sql#L76-L85,reports/database/findings.json
R2-DB-009,P1,database,CONFIRMED_SOURCE_BEHAVIOR,Conquista de mensagens bloqueia o envio do agente ao atingir um marco,https://github.com/adm01-debug/Zapp_Web_V2/blob/da307ba5626dce892f0b37cb6762463f55d14a96/supabase/migrations/20260930200000_enforce_enqueue_connection_scope.sql#L155-L166,reports/database/findings.json
R2-INB-001,P1,inbox,CONFIRMED_SOURCE_BEHAVIOR,Resposta/citação selecionada no Composer perde o ID antes do transporte,https://github.com/adm01-debug/Zapp_Web_V2/blob/da307ba5626dce892f0b37cb6762463f55d14a96/src/components/inbox/chat/useChatPanelHandlers.ts#L108-L126,reports/inbox/findings.json
R2-INB-002,P1,inbox,CONFIRMED_SOURCE_BEHAVIOR,Encaminhar mensagem pelo chat anuncia conclusão sem executar envio,https://github.com/adm01-debug/Zapp_Web_V2/blob/da307ba5626dce892f0b37cb6762463f55d14a96/src/components/inbox/chat/useChatPanelHandlers.ts#L130-L133,reports/inbox/findings.json
R2-INB-003,P1,inbox,CONFIRMED_SOURCE_BEHAVIOR,Construtor de mensagens interativas confirma envio sem transporte,https://github.com/adm01-debug/Zapp_Web_V2/blob/da307ba5626dce892f0b37cb6762463f55d14a96/src/components/inbox/chat/useChatPanelHandlers.ts#L242-L248,reports/inbox/findings.json
R2-INB-004,P1,inbox,CONFIRMED_SOURCE_BEHAVIOR,Histórico anterior às últimas 1000 mensagens não é alcançável pela UI ativa,https://github.com/adm01-debug/Zapp_Web_V2/blob/da307ba5626dce892f0b37cb6762463f55d14a96/src/hooks/chat/useMessages.ts#L18-L18,reports/inbox/findings.json
R2-INB-005,P1,inbox,CONFIRMED_SOURCE_BEHAVIOR,Janela global de mensagens transforma conversas ativas em histórico vazio e zero não lidas,https://github.com/adm01-debug/Zapp_Web_V2/blob/da307ba5626dce892f0b37cb6762463f55d14a96/src/services/realtime.service.ts#L20-L22,reports/inbox/findings.json
R2-INB-006,P1,inbox,CONFIRMED_SOURCE_BEHAVIOR,Falha após enqueue remove o anexo persistido e retry cria outra ação,https://github.com/adm01-debug/Zapp_Web_V2/blob/da307ba5626dce892f0b37cb6762463f55d14a96/src/components/inbox/useFileUploadLogic.ts#L90-L136,reports/inbox/findings.json
R2-INB-007,P1,inbox,CONFIRMED_SOURCE_BEHAVIOR,Retry de texto duplica assinatura e rompe a idempotência,https://github.com/adm01-debug/Zapp_Web_V2/blob/da307ba5626dce892f0b37cb6762463f55d14a96/src/components/inbox/chat/useChatPanelHandlers.ts#L108-L127,reports/inbox/findings.json
R2-INB-008,P1,inbox,CONFIRMED_SOURCE_BEHAVIOR,Gravador não interrompe captura no limite de duração nem no unmount,https://github.com/adm01-debug/Zapp_Web_V2/blob/da307ba5626dce892f0b37cb6762463f55d14a96/src/hooks/communication/useAudioRecorder.ts#L14-L21,reports/inbox/findings.json
R2-INB-009,P1,inbox,CONFIRMED_SOURCE_BEHAVIOR,Transferência do chat e em lote viola o contrato do diálogo,https://github.com/adm01-debug/Zapp_Web_V2/blob/da307ba5626dce892f0b37cb6762463f55d14a96/src/components/inbox/chat/ChatDialogs.tsx#L30-L33,reports/inbox/findings.json
R2-INB-010,P1,inbox,CONFIRMED_SOURCE_BEHAVIOR,Agendamento fecha e apaga draft antes de confirmar persistência,https://github.com/adm01-debug/Zapp_Web_V2/blob/da307ba5626dce892f0b37cb6762463f55d14a96/src/components/inbox/ScheduleMessageDialog.tsx#L19-L22,reports/inbox/findings.json
R2-INB-014,P1,inbox,CONFIRMED_SOURCE_BEHAVIOR,Editar e apagar mensagem exibem sucesso mesmo com operação rejeitada,https://github.com/adm01-debug/Zapp_Web_V2/blob/da307ba5626dce892f0b37cb6762463f55d14a96/src/components/inbox/chat/useChatPanelHandlers.ts#L89-L105,reports/inbox/findings.json
R2-INB-022,P1,inbox,CONFIRMED_SOURCE_BEHAVIOR,Falha ao enviar áudio desmonta gravador e descarta gravação recuperável,https://github.com/adm01-debug/Zapp_Web_V2/blob/da307ba5626dce892f0b37cb6762463f55d14a96/src/components/inbox/AudioRecorder.tsx#L26-L29,reports/inbox/findings.json
R2-INB-049,P1,inbox,CONFIRMED_SOURCE_BEHAVIOR,Excluir uma figurinha compartilhada pode remover o arquivo da mensagem original,https://github.com/adm01-debug/Zapp_Web_V2/blob/da307ba5626dce892f0b37cb6762463f55d14a96/src/components/inbox/chat/MessageBubble.tsx#L200-L218,reports/inbox/findings.json
R2-INF-001,P1,infra,CONFIRMED_SOURCE_BEHAVIOR,O dry_run de Edge Functions pode reescrever secrets do projeto,https://github.com/adm01-debug/Zapp_Web_V2/blob/da307ba5626dce892f0b37cb6762463f55d14a96/.github/workflows/deploy-functions.yml#L44-L48,reports/infra/findings.json
R2-INF-002,P1,infra,CONFIRMED_SOURCE_BEHAVIOR,Artifact de deploy pode ser publicado depois de falhar a remoção de secrets,https://github.com/adm01-debug/Zapp_Web_V2/blob/da307ba5626dce892f0b37cb6762463f55d14a96/.github/workflows/deploy-functions.yml#L486-L505,reports/infra/findings.json
R2-INF-003,P1,infra,CONFIRMED_SOURCE_BEHAVIOR,DB Migrate sobrescreve o DSN endurecido e perde verify-full no transporte,https://github.com/adm01-debug/Zapp_Web_V2/blob/da307ba5626dce892f0b37cb6762463f55d14a96/.github/workflows/db-migrate.yml#L118-L170,reports/infra/findings.json
R2-INF-004,P1,infra,CONFIRMED_SOURCE_BEHAVIOR,Os 12 contratos de runtime são Bash enviados como SQL; 767 versões não têm arquivo,https://github.com/adm01-debug/Zapp_Web_V2/blob/da307ba5626dce892f0b37cb6762463f55d14a96/scripts/db-audit/run-runtime-contract.mjs#L22-L57,reports/infra/findings.json
R2-INF-005,P1,infra,CONFIRMED_SOURCE_BEHAVIOR,Consulta pós-apply do ledger contém comentários Bash inválidos em SQL,https://github.com/adm01-debug/Zapp_Web_V2/blob/da307ba5626dce892f0b37cb6762463f55d14a96/.github/workflows/db-migrate.yml#L914-L939,reports/infra/findings.json
R2-INF-006,P1,infra,CONFIRMED_SOURCE_BEHAVIOR,Limpeza de E2E apaga todas as reações do usuário logado,https://github.com/adm01-debug/Zapp_Web_V2/blob/da307ba5626dce892f0b37cb6762463f55d14a96/e2e/fixtures/e2e-contact.ts#L138-L197,reports/infra/findings.json
R2-INF-007,P1,infra,CONFIRMED_SOURCE_BEHAVIOR,E2E de mensagens envia para o primeiro contato sem validar a fixture,https://github.com/adm01-debug/Zapp_Web_V2/blob/da307ba5626dce892f0b37cb6762463f55d14a96/e2e/messaging.spec.ts#L25-L52,reports/infra/findings.json
R2-INF-022,P1,infra,CONFIRMED_SOURCE_BEHAVIOR,Classificadores visuais leem mídia privada com service role sem autorizar o objeto do usuário,https://github.com/adm01-debug/Zapp_Web_V2/blob/da307ba5626dce892f0b37cb6762463f55d14a96/supabase/functions/classify-emoji/index.ts#L40-L70,reports/infra/findings.json
R2-MOD-001,P1,modules,CONFIRMED_SOURCE_BEHAVIOR,Editor de automações reutiliza estado de outro registro,https://github.com/adm01-debug/Zapp_Web_V2/blob/da307ba5626dce892f0b37cb6762463f55d14a96/src/components/automations/AutomationEditorDialog.tsx#L20-L33,reports/modules/findings.json
R2-MOD-002,P1,modules,CONFIRMED_SOURCE_BEHAVIOR,Salvar automação substitui condições e lista de ações por configuração incompleta,https://github.com/adm01-debug/Zapp_Web_V2/blob/da307ba5626dce892f0b37cb6762463f55d14a96/src/components/automations/AutomationEditorDialog.tsx#L20-L33,reports/modules/findings.json
R2-MOD-007,P1,modules,CONFIRMED_SOURCE_BEHAVIOR,Catálogo em lote classifica falha integral de texto como sucesso e limpa seleção falhada,https://github.com/adm01-debug/Zapp_Web_V2/blob/da307ba5626dce892f0b37cb6762463f55d14a96/src/components/catalog/CatalogBulkSendDialog.tsx#L41-L78,reports/modules/findings.json
R2-MOD-013,P1,modules,CONFIRMED_SOURCE_BEHAVIOR,Anotação de chamada acompanha troca de linha e pode sobrescrever outra chamada,https://github.com/adm01-debug/Zapp_Web_V2/blob/da307ba5626dce892f0b37cb6762463f55d14a96/src/components/calls/SelectedCallPanel.tsx#L34-L62,reports/modules/findings.json
R2-MOD-024,P1,modules,CONFIRMED_SOURCE_BEHAVIOR,Respostas atrasadas de variantes e histórico são aplicadas ao template seguinte,https://github.com/adm01-debug/Zapp_Web_V2/blob/da307ba5626dce892f0b37cb6762463f55d14a96/src/components/talkx/TalkXTemplateEditor.tsx#L109-L118,reports/modules/findings.json
R2-MOD-025,P1,modules,CONFIRMED_SOURCE_BEHAVIOR,Reabrir rascunho TalkX grande pode reduzir audiência pelo autosave da primeira página,https://github.com/adm01-debug/Zapp_Web_V2/blob/da307ba5626dce892f0b37cb6762463f55d14a96/src/components/talkx/useCampaignEditor.ts#L495-L521,reports/modules/findings.json
R2-API-001,P1,providers,CONFIRMED_SOURCE_BEHAVIOR,Ações de controle Evolution não exigem papel nem escopo de conexão,https://github.com/adm01-debug/Zapp_Web_V2/blob/da307ba5626dce892f0b37cb6762463f55d14a96/supabase/functions/evolution-api/index.ts#L40-L45,reports/providers/findings.json
R2-API-006,P1,providers,CONFIRMED_SOURCE_BEHAVIOR,"Opt-out e atribuição podem se perder após o ingest, sem recuperação no replay",https://github.com/adm01-debug/Zapp_Web_V2/blob/da307ba5626dce892f0b37cb6762463f55d14a96/supabase/functions/_shared/evolution-webhook-messages.ts#L459-L493,reports/providers/findings.json
R2-API-009,P1,providers,CONFIRMED_SOURCE_BEHAVIOR,Download de mídia do webhook aceita URL arbitrária sem política de egress,https://github.com/adm01-debug/Zapp_Web_V2/blob/da307ba5626dce892f0b37cb6762463f55d14a96/supabase/functions/_shared/evolution-webhook-messages.ts#L237-L253,reports/providers/findings.json
R2-API-011,P1,providers,CONFIRMED_SOURCE_BEHAVIOR,Gmail webhook/cron avançam cursor compartilhado sem aplicar todo o histórico,https://github.com/adm01-debug/Zapp_Web_V2/blob/da307ba5626dce892f0b37cb6762463f55d14a96/supabase/functions/gmail-webhook/index.ts#L163-L204,reports/providers/findings.json
R2-API-021,P1,providers,CONFIRMED_SOURCE_BEHAVIOR,Autenticidade dos webhooks permanece apenas observada em caminhos públicos,https://github.com/adm01-debug/Zapp_Web_V2/blob/da307ba5626dce892f0b37cb6762463f55d14a96/supabase/config.toml#L8-L15,reports/providers/findings.json
R2-API-022,P1,providers,CONFIRMED_SOURCE_BEHAVIOR,"Rotinas de e-mail, relatório, encerramento e recuperação executam privilégio de servidor sem autorizar o chamador",https://github.com/adm01-debug/Zapp_Web_V2/blob/da307ba5626dce892f0b37cb6762463f55d14a96/supabase/functions/send-email/index.ts#L4-L48,reports/providers/findings.json
R2-API-027,P1,providers,CONFIRMED_SOURCE_BEHAVIOR,Transcrição aceita mensagem visível sem mídia e baixa objeto escolhido pelo cliente com service role,https://github.com/adm01-debug/Zapp_Web_V2/blob/da307ba5626dce892f0b37cb6762463f55d14a96/supabase/functions/_shared/ai-audio-authz.ts#L61-L78,reports/providers/findings.json
R2-API-029,P1,providers,CONFIRMED_SOURCE_BEHAVIOR,Prévia e validação Multiplix aceitam destinatário de outro disparo,https://github.com/adm01-debug/Zapp_Web_V2/blob/da307ba5626dce892f0b37cb6762463f55d14a96/supabase/functions/multiplix-dispatch/actions/inspect.ts#L147-L169,reports/providers/findings.json
R2-QUE-001,P1,root,CONFIRMED_SOURCE_BEHAVIOR,Analytics de filas apresentam estimativas fixas como resultados medidos,https://github.com/adm01-debug/Zapp_Web_V2/blob/da307ba5626dce892f0b37cb6762463f55d14a96/src/pages/QueueDetails.tsx#L48-L64,reports/root/findings.json
R2-QUE-002,P1,root,CONFIRMED_SOURCE_BEHAVIOR,Contagem de espera zerada impede os alertas configurados de filas,https://github.com/adm01-debug/Zapp_Web_V2/blob/da307ba5626dce892f0b37cb6762463f55d14a96/src/hooks/business/useQueues.ts#L44-L63,reports/root/findings.json
R2-QUE-003,P1,root,CONFIRMED_SOURCE_BEHAVIOR,Totais de filas são calculados sobre amostras truncadas,https://github.com/adm01-debug/Zapp_Web_V2/blob/da307ba5626dce892f0b37cb6762463f55d14a96/src/pages/QueueDetails.tsx#L41-L63,reports/root/findings.json
R2-SLA-003,P1,root,CONFIRMED_SOURCE_BEHAVIOR,Configurações granulares de prazo não governam o SLA efetivo,https://github.com/adm01-debug/Zapp_Web_V2/blob/da307ba5626dce892f0b37cb6762463f55d14a96/src/components/settings/SLARulesManager.tsx#L50-L61,reports/root/findings.json
R2-AUTH-005,P2,auth,CONFIRMED_SOURCE_BEHAVIOR,Resposta atrasada de perfil repõe identidade antiga após logout ou troca de usuário,https://github.com/adm01-debug/Zapp_Web_V2/blob/da307ba5626dce892f0b37cb6762463f55d14a96/src/hooks/auth/useAuth.tsx#L36-L47,reports/auth/findings.json
R2-AUTH-011,P2,auth,CONFIRMED_SOURCE_BEHAVIOR,Team Chat busca perfis de colegas por tabela proibida aos agentes,https://github.com/adm01-debug/Zapp_Web_V2/blob/da307ba5626dce892f0b37cb6762463f55d14a96/src/hooks/team-chat/useTeamConversations.ts#L26-L68,reports/auth/findings.json
R2-AUTH-012,P2,auth,CONFIRMED_SOURCE_BEHAVIOR,"Ações VIP, arquivar, bloquear e tags no detalhe do contato não persistem",https://github.com/adm01-debug/Zapp_Web_V2/blob/da307ba5626dce892f0b37cb6762463f55d14a96/src/components/inbox/contact-details/ContactActionButtons.tsx#L186-L198,reports/auth/findings.json
R2-AUTH-013,P2,auth,CONFIRMED_SOURCE_BEHAVIOR,Mutations de Contatos ainda informam sucesso em erros ou lotes parciais,https://github.com/adm01-debug/Zapp_Web_V2/blob/da307ba5626dce892f0b37cb6762463f55d14a96/src/components/contacts/ContactBulkTagDialog.tsx#L57-L94,reports/auth/findings.json
R2-AUTH-014,P2,auth,CONFIRMED_SOURCE_BEHAVIOR,Menus de gerenciamento de agentes possuem opções clicáveis sem ação,https://github.com/adm01-debug/Zapp_Web_V2/blob/da307ba5626dce892f0b37cb6762463f55d14a96/src/components/agents/AgentsView.tsx#L145-L155,reports/auth/findings.json
R2-AUTH-015,P2,auth,CONFIRMED_SOURCE_BEHAVIOR,Convite de agente não cria convite autenticável nem provisiona papel escolhido,https://github.com/adm01-debug/Zapp_Web_V2/blob/da307ba5626dce892f0b37cb6762463f55d14a96/src/components/agents/InviteAgentDialog.tsx#L29-L65,reports/auth/findings.json
R2-AUTH-016,P2,auth,CONFIRMED_SOURCE_BEHAVIOR,Criação de usuário retorna sucesso mesmo com role/perfil/contas auxiliares falhos,https://github.com/adm01-debug/Zapp_Web_V2/blob/da307ba5626dce892f0b37cb6762463f55d14a96/supabase/functions/create-user/index.ts#L35-L44,reports/auth/findings.json
R2-AUTH-017,P2,auth,REFINEMENT_OF_PRIOR_FINDING,Gestão de grupo e recursos novos de Team Chat permanecem sem consumidor,https://github.com/adm01-debug/Zapp_Web_V2/blob/da307ba5626dce892f0b37cb6762463f55d14a96/src/components/team-chat/TeamChatPanel.tsx#L1-L156,reports/auth/findings.json
R2-AUTH-019,P2,auth,CONFIRMED_SOURCE_BEHAVIOR,Edição de empresa/contato no CRM externo aceita zero linhas como sucesso,https://github.com/adm01-debug/Zapp_Web_V2/blob/da307ba5626dce892f0b37cb6762463f55d14a96/supabase/functions/crm-integration/index.ts#L676-L687,reports/auth/findings.json
R2-AUTH-020,P2,auth,CONFIRMED_SOURCE_BEHAVIOR,Capacidade de agentes conta todos os contatos atribuídos como chats ativos,https://github.com/adm01-debug/Zapp_Web_V2/blob/da307ba5626dce892f0b37cb6762463f55d14a96/src/hooks/crm/useAgents.ts#L75-L142,reports/auth/findings.json
R2-AUTH-021,P2,auth,CONFIRMED_SOURCE_BEHAVIOR,Indisponibilidade do Auth é registrada como tentativa de senha incorreta,https://github.com/adm01-debug/Zapp_Web_V2/blob/da307ba5626dce892f0b37cb6762463f55d14a96/supabase/functions/auth-login/index.ts#L83-L99,reports/auth/findings.json
R2-AUTH-023,P2,auth,CONFIRMED_SOURCE_BEHAVIOR,Salvar regras de rate limit pode apagar a configuração e descarta a ação escolhida,https://github.com/adm01-debug/Zapp_Web_V2/blob/da307ba5626dce892f0b37cb6762463f55d14a96/src/components/security/RateLimitConfigPanel.tsx#L37-L57,reports/auth/findings.json
R2-AUTH-024,P2,auth,CONFIRMED_SOURCE_BEHAVIOR,Overview de segurança apresenta estados e pontuação sem medição válida,https://github.com/adm01-debug/Zapp_Web_V2/blob/da307ba5626dce892f0b37cb6762463f55d14a96/src/hooks/auth/useMFA.ts#L25-L45,reports/auth/findings.json
R2-AUTH-025,P2,auth,CONFIRMED_SOURCE_BEHAVIOR,Editor inline de empresa/cargo conserva vazio inicial e pode apagar dado carregado,https://github.com/adm01-debug/Zapp_Web_V2/blob/da307ba5626dce892f0b37cb6762463f55d14a96/src/components/inbox/contact-details/ContactInfoSection.tsx#L31-L54,reports/auth/findings.json
R2-AUTH-026,P2,auth,CONFIRMED_SOURCE_BEHAVIOR,Excluir nota de colega some da UI mesmo quando RLS preserva a nota,https://github.com/adm01-debug/Zapp_Web_V2/blob/da307ba5626dce892f0b37cb6762463f55d14a96/src/components/contacts/ContactNotes.tsx#L43-L70,reports/auth/findings.json
R2-AUTH-027,P2,auth,CONFIRMED_SOURCE_BEHAVIOR,Usuário pode liberar o próprio flag administrativo de download,https://github.com/adm01-debug/Zapp_Web_V2/blob/da307ba5626dce892f0b37cb6762463f55d14a96/src/components/admin/AdminView.tsx#L181-L191,reports/auth/findings.json
R2-AUTH-028,P2,auth,CONFIRMED_SOURCE_BEHAVIOR,Detalhe do contato mostra zero mensagens e inatividade por props nunca fornecidas,https://github.com/adm01-debug/Zapp_Web_V2/blob/da307ba5626dce892f0b37cb6762463f55d14a96/src/components/contacts/ContactsView.tsx#L221-L227,reports/auth/findings.json
R2-AUTH-029,P2,auth,CONFIRMED_SOURCE_BEHAVIOR,Analytics de Contatos rotula agregados da página atual como totais,https://github.com/adm01-debug/Zapp_Web_V2/blob/da307ba5626dce892f0b37cb6762463f55d14a96/src/hooks/crm/useContactsSearch.ts#L11-L19,reports/auth/findings.json
R2-AUTH-030,P2,auth,CONFIRMED_SOURCE_BEHAVIOR,"Configurações globais de cadastro, grupos, reabertura e chave ElevenLabs não têm consumidor operacional local",https://github.com/adm01-debug/Zapp_Web_V2/blob/da307ba5626dce892f0b37cb6762463f55d14a96/src/components/settings/SettingsView.tsx#L173-L179,reports/auth/findings.json
R2-AUTH-031,P2,auth,CONFIRMED_SOURCE_BEHAVIOR,Resposta de verificação da senha anterior pode substituir o veredito da senha atual,https://github.com/adm01-debug/Zapp_Web_V2/blob/da307ba5626dce892f0b37cb6762463f55d14a96/src/components/auth/PasswordStrengthMeter.tsx#L78-L128,reports/auth/findings.json
R2-AUTH-032,P2,auth,CONFIRMED_SOURCE_BEHAVIOR,Auditoria não inclui concessões e revogações de roles nos filtros e no contador sensível,https://github.com/adm01-debug/Zapp_Web_V2/blob/da307ba5626dce892f0b37cb6762463f55d14a96/supabase/migrations/20260409224329_51d839cf-6068-4a17-b32b-9a7e12866a61.sql#L51-L54,reports/auth/findings.json
R2-AUTH-033,P2,auth,CONFIRMED_SOURCE_BEHAVIOR,Página de roles usa embed inexistente e transforma erro de consulta em listas vazias,https://github.com/adm01-debug/Zapp_Web_V2/blob/da307ba5626dce892f0b37cb6762463f55d14a96/src/pages/admin/RolesPage.tsx#L23-L43,reports/auth/findings.json
R2-AUTH-034,P2,auth,CONFIRMED_SOURCE_BEHAVIOR,Aba Notas trata erros devolvidos pelo serviço como conclusão e descarta o texto antes de salvar,https://github.com/adm01-debug/Zapp_Web_V2/blob/da307ba5626dce892f0b37cb6762463f55d14a96/src/components/inbox/chat/ConversationTabContent.tsx#L111-L117,reports/auth/findings.json
R2-AUTH-035,P2,auth,CONFIRMED_SOURCE_BEHAVIOR,Status WhatsApp converte indisponibilidade em ausência de status e apresenta Offline sem medição,https://github.com/adm01-debug/Zapp_Web_V2/blob/da307ba5626dce892f0b37cb6762463f55d14a96/src/components/inbox/contact-details/ContactAccordionSections.tsx#L70-L72,reports/auth/findings.json
R2-AUTH-036,P2,auth,CONFIRMED_SOURCE_BEHAVIOR,Sala de Crise calcula alertas operacionais com mensagens respondidas e contas habilitadas,https://github.com/adm01-debug/Zapp_Web_V2/blob/da307ba5626dce892f0b37cb6762463f55d14a96/src/components/admin/AdminView.tsx#L278-L284,reports/auth/findings.json
R2-AUTH-037,P2,auth,CONFIRMED_SOURCE_BEHAVIOR,Treinamento apresenta e persiste avaliação de desempenho baseada apenas em sorteio,https://github.com/adm01-debug/Zapp_Web_V2/blob/da307ba5626dce892f0b37cb6762463f55d14a96/src/components/admin/AdminView.tsx#L280-L282,reports/auth/findings.json
R2-AUTH-038,P2,auth,CONFIRMED_SOURCE_BEHAVIOR,Mapa conta contatos com coordenadas também como localização apenas aproximada,https://github.com/adm01-debug/Zapp_Web_V2/blob/da307ba5626dce892f0b37cb6762463f55d14a96/src/components/contacts/ContactContentArea.tsx#L125-L130,reports/auth/findings.json
R2-AUTH-039,P2,auth,CONFIRMED_SOURCE_BEHAVIOR,Recálculo atrasado grava coordenadas do endereço anterior e apaga o aviso de desatualização,https://github.com/adm01-debug/Zapp_Web_V2/blob/da307ba5626dce892f0b37cb6762463f55d14a96/src/components/contacts/ContactDialogs.tsx#L115-L129,reports/auth/findings.json
R2-AUTH-040,P2,auth,CONFIRMED_SOURCE_BEHAVIOR,Janela relativa do painel de uso de IA fica presa à hora de abertura,https://github.com/adm01-debug/Zapp_Web_V2/blob/da307ba5626dce892f0b37cb6762463f55d14a96/src/pages/ViewRouter.tsx#L92-L96,reports/auth/findings.json
R2-AUTH-041,P2,auth,CONFIRMED_SOURCE_BEHAVIOR,Consulta de custo de IA passa fim nulo e elimina todas as chamadas da janela,https://github.com/adm01-debug/Zapp_Web_V2/blob/da307ba5626dce892f0b37cb6762463f55d14a96/src/components/admin/AIUsageDashboard.tsx#L13-L19,reports/auth/findings.json
R2-CALL-002,P2,calls,CONFIRMED_SOURCE_BEHAVIOR,Duração gravada da chamada inclui espera após o encerramento,https://github.com/adm01-debug/Zapp_Web_V2/blob/da307ba5626dce892f0b37cb6762463f55d14a96/src/lib/calls/adapters/CallEngine.ts#L315-L350,reports/calls/findings.json
R2-CALL-003,P2,calls,CONFIRMED_SOURCE_BEHAVIOR,Aba líder suspensa retoma sem ceder à nova líder,https://github.com/adm01-debug/Zapp_Web_V2/blob/da307ba5626dce892f0b37cb6762463f55d14a96/src/lib/calls/tabLeaderStore.ts#L215-L229,reports/calls/findings.json
R2-CALL-004,P2,calls,CONFIRMED_SOURCE_BEHAVIOR,Contrato desconectar e reconectar mantém referência de UA encerrado,https://github.com/adm01-debug/Zapp_Web_V2/blob/da307ba5626dce892f0b37cb6762463f55d14a96/src/hooks/sip/useSipConnection.ts#L64-L76,reports/calls/findings.json
R2-CALL-005,P2,calls,CONFIRMED_SOURCE_BEHAVIOR,Conexão SIP pendente não é invalidada pelo cancelamento e permite criação concorrente,https://github.com/adm01-debug/Zapp_Web_V2/blob/da307ba5626dce892f0b37cb6762463f55d14a96/src/hooks/sip/useSipConnection.ts#L38-L48,reports/calls/findings.json
R2-COM-002,P2,communication,CONFIRMED_SOURCE_BEHAVIOR,Prévia de anexo recebe conteúdo de uma seleção anterior,https://github.com/adm01-debug/Zapp_Web_V2/blob/da307ba5626dce892f0b37cb6762463f55d14a96/src/components/email/EmailChatThread.tsx#L194-L204,reports/communication/findings.json
R2-COM-003,P2,communication,CONFIRMED_SOURCE_BEHAVIOR,Descartar rascunho fecha e apaga a sessão local mesmo com rejeição remota,https://github.com/adm01-debug/Zapp_Web_V2/blob/da307ba5626dce892f0b37cb6762463f55d14a96/src/components/gmail/EmailComposer.tsx#L283-L292,reports/communication/findings.json
R2-COM-004,P2,communication,CONFIRMED_SOURCE_BEHAVIOR,Anexos originais que carregam depois da abertura não entram no encaminhamento,https://github.com/adm01-debug/Zapp_Web_V2/blob/da307ba5626dce892f0b37cb6762463f55d14a96/src/hooks/integrations/useGmail.ts#L148-L176,reports/communication/findings.json
R2-COM-005,P2,communication,CONFIRMED_SOURCE_BEHAVIOR,Conclusão da resposta rápida apaga texto novo digitado durante o envio,https://github.com/adm01-debug/Zapp_Web_V2/blob/da307ba5626dce892f0b37cb6762463f55d14a96/src/components/email/EmailChatReplyBar.tsx#L67-L139,reports/communication/findings.json
R2-COM-006,P2,communication,CONFIRMED_SOURCE_BEHAVIOR,Rascunho da resposta rápida se perde ao trocar de conversa,https://github.com/adm01-debug/Zapp_Web_V2/blob/da307ba5626dce892f0b37cb6762463f55d14a96/src/components/email/EmailChatReplyBar.tsx#L43-L50,reports/communication/findings.json
R2-COM-007,P2,communication,CONFIRMED_SOURCE_BEHAVIOR,Histórico de mensagens de Email não continua além do limite de resposta,https://github.com/adm01-debug/Zapp_Web_V2/blob/da307ba5626dce892f0b37cb6762463f55d14a96/src/hooks/integrations/useGmail.ts#L79-L99,reports/communication/findings.json
R2-COM-010,P2,communication,CONFIRMED_SOURCE_BEHAVIOR,OAuth do Gmail anuncia sucesso após falha de armazenamento ou desconexão,https://github.com/adm01-debug/Zapp_Web_V2/blob/da307ba5626dce892f0b37cb6762463f55d14a96/supabase/functions/gmail-oauth/index.ts#L64-L77,reports/communication/findings.json
R2-COM-011,P2,communication,CONFIRMED_SOURCE_BEHAVIOR,Bloqueio de imagens externas do Email deixa passar URL relativa ao protocolo,https://github.com/adm01-debug/Zapp_Web_V2/blob/da307ba5626dce892f0b37cb6762463f55d14a96/src/lib/emailHtml.ts#L3-L29,reports/communication/findings.json
R2-DB-002,P2,database,CONFIRMED_SOURCE_BEHAVIOR,Atribuição de respostas perde identidade por telefone e não deduplica o evento recebido,https://github.com/adm01-debug/Zapp_Web_V2/blob/da307ba5626dce892f0b37cb6762463f55d14a96/supabase/migrations/20261003212707_talkx_receipts_replies.sql#L335-L421,reports/database/findings.json
R2-DB-005,P2,database,CONFIRMED_SOURCE_BEHAVIOR,"Migração de lembretes associa tarefas pelo título, sem preservar a identidade da origem",https://github.com/adm01-debug/Zapp_Web_V2/blob/da307ba5626dce892f0b37cb6762463f55d14a96/supabase/migrations/20260928140000_tasks_unify_reminders_kanban.sql#L165-L192,reports/database/findings.json
R2-DB-006,P2,database,CONFIRMED_SOURCE_BEHAVIOR,Fila de blocos Multiplix deixa sucessores pending atrás de um item terminal,https://github.com/adm01-debug/Zapp_Web_V2/blob/da307ba5626dce892f0b37cb6762463f55d14a96/supabase/migrations/20261002621230_f55_claimable_items_por_bloco.sql#L75-L108,reports/database/findings.json
R2-DB-008,P2,database,CONFIRMED_SOURCE_BEHAVIOR,Índice de um fechamento por dia impede encerrar novamente uma conversa reaberta,https://github.com/adm01-debug/Zapp_Web_V2/blob/da307ba5626dce892f0b37cb6762463f55d14a96/supabase/migrations/20260909220000_add_message_delivery_and_atomic_closure_rpcs.sql#L552-L579,reports/database/findings.json
R2-DB-010,P2,database,CONFIRMED_SOURCE_BEHAVIOR,Usuário pode zerar o contador de requisições do catálogo pela RPC pública autenticada,https://github.com/adm01-debug/Zapp_Web_V2/blob/da307ba5626dce892f0b37cb6762463f55d14a96/supabase/migrations/20261003122707_catalogo_rate_limit_hits_append_only.sql#L17-L34,reports/database/findings.json
R2-DB-011,P2,database,CONFIRMED_SOURCE_BEHAVIOR,Policy de recibos permite registrar leitura própria em conversa da qual o usuário não participa,https://github.com/adm01-debug/Zapp_Web_V2/blob/da307ba5626dce892f0b37cb6762463f55d14a96/supabase/migrations/20260927270016_team_chat_e26_fix_receipt_insert_policy.sql#L1-L3,reports/database/findings.json
R2-DB-012,P2,database,CONFIRMED_SOURCE_BEHAVIOR,Reclassificação de IA converte etiqueta humana homônima em etiqueta removível pela IA,https://github.com/adm01-debug/Zapp_Web_V2/blob/da307ba5626dce892f0b37cb6762463f55d14a96/supabase/migrations/20260930110000_ai_block03_analysis_persistence.sql#L76-L77,reports/database/findings.json
R2-DB-013,P2,database,CONFIRMED_SOURCE_BEHAVIOR,Segundo UPDATE do template pode ser rejeitado pela guarda de snapshot da própria RPC,https://github.com/adm01-debug/Zapp_Web_V2/blob/da307ba5626dce892f0b37cb6762463f55d14a96/supabase/migrations/20261001381230_talkx_current_version_backfill_fix.sql#L125-L175,reports/database/findings.json
R2-DB-014,P2,database,CONFIRMED_SOURCE_BEHAVIOR,Cancelamento em voo pode descartar a confirmação do provedor e impedir reconciliação,https://github.com/adm01-debug/Zapp_Web_V2/blob/da307ba5626dce892f0b37cb6762463f55d14a96/supabase/migrations/20261003172707_talkx_lifecycle_events_delta.sql#L99-L116,reports/database/findings.json
R2-DB-015,P2,database,CONFIRMED_SOURCE_BEHAVIOR,Retry terminal do TalkX pode voltar a pending sem se tornar elegível ao worker,https://github.com/adm01-debug/Zapp_Web_V2/blob/da307ba5626dce892f0b37cb6762463f55d14a96/supabase/migrations/20260930630000_talkx_v19_retry_recipient.sql#L18-L48,reports/database/findings.json
R2-DB-016,P2,database,CONFIRMED_SOURCE_BEHAVIOR,Mesclagem autorizada de contato com nota é bloqueada pelo guard posterior de identidade,https://github.com/adm01-debug/Zapp_Web_V2/blob/da307ba5626dce892f0b37cb6762463f55d14a96/supabase/migrations/20260909120000_validate_crm_outbox_acl_and_atomic_merge.sql#L93-L114,reports/database/findings.json
R2-INB-011,P2,inbox,CONFIRMED_SOURCE_BEHAVIOR,Seletor de anexos permite seleção múltipla mas aproveita somente o primeiro,https://github.com/adm01-debug/Zapp_Web_V2/blob/da307ba5626dce892f0b37cb6762463f55d14a96/src/components/inbox/FileUploader.tsx#L102-L114,reports/inbox/findings.json
R2-INB-012,P2,inbox,CONFIRMED_SOURCE_BEHAVIOR,Galeria classifica áudio WebM como vídeo e diverge dos contadores,https://github.com/adm01-debug/Zapp_Web_V2/blob/da307ba5626dce892f0b37cb6762463f55d14a96/src/components/inbox/media-gallery/mediaUtils.ts#L10-L19,reports/inbox/findings.json
R2-INB-013,P2,inbox,CONFIRMED_SOURCE_BEHAVIOR,Overlay de realtime antigo sobrescreve snapshot mais novo no refetch,https://github.com/adm01-debug/Zapp_Web_V2/blob/da307ba5626dce892f0b37cb6762463f55d14a96/src/hooks/chat/useMessages.ts#L73-L90,reports/inbox/findings.json
R2-INB-015,P2,inbox,CONFIRMED_SOURCE_BEHAVIOR,Cache offline válido é abandonado após falha de carga e não alimenta chat selecionado,https://github.com/adm01-debug/Zapp_Web_V2/blob/da307ba5626dce892f0b37cb6762463f55d14a96/src/hooks/system/useOfflineCache.ts#L29-L45,reports/inbox/findings.json
R2-INB-016,P2,inbox,CONFIRMED_SOURCE_BEHAVIOR,Enter contorna limite de caracteres aplicado ao botão Enviar,https://github.com/adm01-debug/Zapp_Web_V2/blob/da307ba5626dce892f0b37cb6762463f55d14a96/src/components/inbox/chat/ChatInputArea.tsx#L251-L263,reports/inbox/findings.json
R2-INB-017,P2,inbox,CONFIRMED_SOURCE_BEHAVIOR,Atalhos de busca têm dois handlers concorrentes no Composer,https://github.com/adm01-debug/Zapp_Web_V2/blob/da307ba5626dce892f0b37cb6762463f55d14a96/src/components/inbox/chat/useChatPanelHandlers.ts#L142-L148,reports/inbox/findings.json
R2-INB-018,P2,inbox,CONFIRMED_SOURCE_BEHAVIOR,Ações rápidas e seleção da busca embutida fecham sem executar intenção,https://github.com/adm01-debug/Zapp_Web_V2/blob/da307ba5626dce892f0b37cb6762463f55d14a96/src/components/inbox/GlobalSearch.tsx#L40-L46,reports/inbox/findings.json
R2-INB-019,P2,inbox,CONFIRMED_SOURCE_BEHAVIOR,Navegação da busca gera NaN quando não há resultados e ignora ações rápidas,https://github.com/adm01-debug/Zapp_Web_V2/blob/da307ba5626dce892f0b37cb6762463f55d14a96/src/components/inbox/GlobalSearch.tsx#L65-L80,reports/inbox/findings.json
R2-INB-020,P2,inbox,CONFIRMED_SOURCE_BEHAVIOR,Filtro por tag na busca limita contatos tarde demais e não limita mensagens,https://github.com/adm01-debug/Zapp_Web_V2/blob/da307ba5626dce892f0b37cb6762463f55d14a96/src/components/inbox/useGlobalSearchData.ts#L108-L139,reports/inbox/findings.json
R2-INB-021,P2,inbox,CONFIRMED_SOURCE_BEHAVIOR,"Menu do balão, menu do header e comandos anunciam ações ainda sem implementação",https://github.com/adm01-debug/Zapp_Web_V2/blob/da307ba5626dce892f0b37cb6762463f55d14a96/src/components/inbox/chat/MessageHoverToolbar.tsx#L148-L181,reports/inbox/findings.json
R2-INB-023,P2,inbox,CONFIRMED_SOURCE_BEHAVIOR,Popup remapeia Message como linha crua e remove dados necessários ao balão,https://github.com/adm01-debug/Zapp_Web_V2/blob/da307ba5626dce892f0b37cb6762463f55d14a96/src/pages/ChatPopup.tsx#L46-L62,reports/inbox/findings.json
R2-INB-024,P2,inbox,CONFIRMED_SOURCE_BEHAVIOR,Erro na carga de mensagens selecionadas é transformado em conversa vazia,https://github.com/adm01-debug/Zapp_Web_V2/blob/da307ba5626dce892f0b37cb6762463f55d14a96/src/hooks/chat/useMessages.ts#L92-L101,reports/inbox/findings.json
R2-INB-025,P2,inbox,CONFIRMED_SOURCE_BEHAVIOR,Mensagem nova e indicador de digitação forçam rolagem ao fim durante leitura,https://github.com/adm01-debug/Zapp_Web_V2/blob/da307ba5626dce892f0b37cb6762463f55d14a96/src/components/inbox/ChatPanel.tsx#L137-L138,reports/inbox/findings.json
R2-INB-026,P2,inbox,CONFIRMED_SOURCE_BEHAVIOR,Presença de digitação entre agentes colide na identidade literal agent,https://github.com/adm01-debug/Zapp_Web_V2/blob/da307ba5626dce892f0b37cb6762463f55d14a96/src/components/inbox/ChatPanel.tsx#L115-L117,reports/inbox/findings.json
R2-INB-027,P2,inbox,CONFIRMED_SOURCE_BEHAVIOR,Filtro Última interação reintroduz sessões antigas do mesmo dia,https://github.com/adm01-debug/Zapp_Web_V2/blob/da307ba5626dce892f0b37cb6762463f55d14a96/src/hooks/chat/useChatSearch.ts#L78-L94,reports/inbox/findings.json
R2-INB-028,P2,inbox,CONFIRMED_SOURCE_BEHAVIOR,Lista virtualizada descarta a prioridade de não lidas calculada pelos filtros,https://github.com/adm01-debug/Zapp_Web_V2/blob/da307ba5626dce892f0b37cb6762463f55d14a96/src/hooks/inbox/useInboxFilters.ts#L167-L176,reports/inbox/findings.json
R2-INB-029,P2,inbox,GAP_OR_UNRESOLVED_CONTRACT,"Adiar conversa grava snooze, mas efeito operacional e retomada não são consumidos pela Inbox",https://github.com/adm01-debug/Zapp_Web_V2/blob/da307ba5626dce892f0b37cb6762463f55d14a96/src/hooks/chat/useConversationActions.ts#L133-L162,reports/inbox/findings.json
R2-INB-031,P2,inbox,CONFIRMED_SOURCE_BEHAVIOR,Botão Baixar documento não respeita o controle can_download do perfil,https://github.com/adm01-debug/Zapp_Web_V2/blob/da307ba5626dce892f0b37cb6762463f55d14a96/src/components/inbox/MediaPreview.tsx#L34-L65,reports/inbox/findings.json
R2-INB-032,P2,inbox,CONFIRMED_SOURCE_BEHAVIOR,Reações confirmam a mutação local mesmo quando o transporte rejeita,https://github.com/adm01-debug/Zapp_Web_V2/blob/da307ba5626dce892f0b37cb6762463f55d14a96/src/hooks/reactions/useReactionMutations.ts#L38-L81,reports/inbox/findings.json
R2-INB-033,P2,inbox,CONFIRMED_SOURCE_BEHAVIOR,Refresh antigo de URL assinada deixa a próxima mídia sem URL e presa em carregamento,https://github.com/adm01-debug/Zapp_Web_V2/blob/da307ba5626dce892f0b37cb6762463f55d14a96/src/hooks/storage/useResolvedStorageUrl.ts#L21-L45,reports/inbox/findings.json
R2-INB-034,P2,inbox,CONFIRMED_SOURCE_BEHAVIOR,Carregar mais na Jornada não ultrapassa as janelas fixas das consultas,https://github.com/adm01-debug/Zapp_Web_V2/blob/da307ba5626dce892f0b37cb6762463f55d14a96/src/hooks/chat/useConversationHistoryTimeline.ts#L271-L284,reports/inbox/findings.json
R2-INB-035,P2,inbox,CONFIRMED_SOURCE_BEHAVIOR,Jornada mostra tarefas concluídas no modelo atual como Pendente,https://github.com/adm01-debug/Zapp_Web_V2/blob/da307ba5626dce892f0b37cb6762463f55d14a96/src/hooks/chat/useConversationHistoryTimeline.ts#L193-L196,reports/inbox/findings.json
R2-INB-036,P2,inbox,CONFIRMED_SOURCE_BEHAVIOR,GPS atrasado pode substituir um ponto manual escolhido depois no mesmo picker,https://github.com/adm01-debug/Zapp_Web_V2/blob/da307ba5626dce892f0b37cb6762463f55d14a96/src/components/inbox/location-picker/useLocationPicker.ts#L118-L128,reports/inbox/findings.json
R2-INB-037,P2,inbox,CONFIRMED_SOURCE_BEHAVIOR,Mudar o termo durante retrieve ainda permite aplicar o endereço antigo,https://github.com/adm01-debug/Zapp_Web_V2/blob/da307ba5626dce892f0b37cb6762463f55d14a96/src/components/inbox/location-picker/useAddressAutocomplete.ts#L411-L419,reports/inbox/findings.json
R2-INB-038,P2,inbox,CONFIRMED_SOURCE_BEHAVIOR,Salvar figurinha na biblioteca confirma sucesso sem verificar o insert,https://github.com/adm01-debug/Zapp_Web_V2/blob/da307ba5626dce892f0b37cb6762463f55d14a96/src/components/inbox/chat/MessageBubble.tsx#L200-L225,reports/inbox/findings.json
R2-INB-039,P2,inbox,CONFIRMED_SOURCE_BEHAVIOR,Busca manual de localização não mostra os vários candidatos devolvidos pelo fallback,https://github.com/adm01-debug/Zapp_Web_V2/blob/da307ba5626dce892f0b37cb6762463f55d14a96/src/components/inbox/LocationPicker.tsx#L39-L55,reports/inbox/findings.json
R2-INB-040,P2,inbox,CONFIRMED_SOURCE_BEHAVIOR,TTS do chat continua após desmontagem e aceita duas gerações simultâneas da mesma mensagem,https://github.com/adm01-debug/Zapp_Web_V2/blob/da307ba5626dce892f0b37cb6762463f55d14a96/src/hooks/communication/useTextToSpeech.ts#L68-L83,reports/inbox/findings.json
R2-INB-041,P2,inbox,CONFIRMED_SOURCE_BEHAVIOR,Parar TTS e prévias de memes conserva inscrições dos players descartados,https://github.com/adm01-debug/Zapp_Web_V2/blob/da307ba5626dce892f0b37cb6762463f55d14a96/src/hooks/communication/useAudioMemes.ts#L54-L81,reports/inbox/findings.json
R2-INB-042,P2,inbox,CONFIRMED_SOURCE_BEHAVIOR,Mutações de áudio meme e stickers omitem erros e aceitam exclusão parcial,https://github.com/adm01-debug/Zapp_Web_V2/blob/da307ba5626dce892f0b37cb6762463f55d14a96/src/hooks/communication/useAudioMemes.ts#L206-L219,reports/inbox/findings.json
R2-INB-043,P2,inbox,CONFIRMED_SOURCE_BEHAVIOR,Fechar pickers de áudio meme e stickers abandona uploads pendentes,https://github.com/adm01-debug/Zapp_Web_V2/blob/da307ba5626dce892f0b37cb6762463f55d14a96/src/hooks/communication/useAudioMemes.ts#L107-L118,reports/inbox/findings.json
R2-INB-044,P2,inbox,CONFIRMED_SOURCE_BEHAVIOR,Evento final do ditado anterior desliga o indicador da nova sessão de voz,https://github.com/adm01-debug/Zapp_Web_V2/blob/da307ba5626dce892f0b37cb6762463f55d14a96/src/hooks/communication/useSpeechToText.ts#L79-L124,reports/inbox/findings.json
R2-INB-045,P2,inbox,CONFIRMED_SOURCE_BEHAVIOR,Notificação de transcrição pendente escapa à desativação do hook,https://github.com/adm01-debug/Zapp_Web_V2/blob/da307ba5626dce892f0b37cb6762463f55d14a96/src/hooks/communication/useTranscriptionNotifications.ts#L30-L73,reports/inbox/findings.json
R2-INB-046,P2,inbox,CONFIRMED_SOURCE_BEHAVIOR,"Comandos de voz anunciam busca, filtros e ordenação sem aplicar os parâmetros",https://github.com/adm01-debug/Zapp_Web_V2/blob/da307ba5626dce892f0b37cb6762463f55d14a96/src/hooks/communication/useVoiceAgent.ts#L108-L126,reports/inbox/findings.json
R2-INB-047,P2,inbox,CONFIRMED_SOURCE_BEHAVIOR,Interromper a fala do assistente deixa a ação aguardando uma Promise que não termina,https://github.com/adm01-debug/Zapp_Web_V2/blob/da307ba5626dce892f0b37cb6762463f55d14a96/src/hooks/voice/playTtsAudio.ts#L106-L116,reports/inbox/findings.json
R2-INB-048,P2,inbox,CONFIRMED_SOURCE_BEHAVIOR,Comando antigo de voz ainda aplica ação depois de um comando mais recente,https://github.com/adm01-debug/Zapp_Web_V2/blob/da307ba5626dce892f0b37cb6762463f55d14a96/src/hooks/communication/useVoiceAgent.ts#L78-L103,reports/inbox/findings.json
R2-INB-050,P2,inbox,CONFIRMED_SOURCE_BEHAVIOR,Importação de mídia e salvamento de áudio gerado deixam objetos órfãos quando a entrada falha,https://github.com/adm01-debug/Zapp_Web_V2/blob/da307ba5626dce892f0b37cb6762463f55d14a96/src/components/settings/media-library/useMediaUpload.ts#L46-L88,reports/inbox/findings.json
R2-INB-051,P2,inbox,CONFIRMED_SOURCE_BEHAVIOR,Biblioteca de mídia e seletor de stickers limitam catálogo a mil itens sem caminho para os demais,https://github.com/adm01-debug/Zapp_Web_V2/blob/da307ba5626dce892f0b37cb6762463f55d14a96/src/components/settings/media-library/useMediaLibrary.ts#L109-L125,reports/inbox/findings.json
R2-INB-052,P2,inbox,CONFIRMED_SOURCE_BEHAVIOR,Figurinhas com referência de bucket privado são renderizadas sem resolver a URL,https://github.com/adm01-debug/Zapp_Web_V2/blob/da307ba5626dce892f0b37cb6762463f55d14a96/src/components/inbox/chat/MessageBubble.tsx#L209-L217,reports/inbox/findings.json
R2-INB-053,P2,inbox,CONFIRMED_SOURCE_BEHAVIOR,Reclassificação de mídia não conta erros retornados pela função e limpa a seleção,https://github.com/adm01-debug/Zapp_Web_V2/blob/da307ba5626dce892f0b37cb6762463f55d14a96/src/components/settings/media-library/useMediaLibrary.ts#L174-L195,reports/inbox/findings.json
R2-INF-008,P2,infra,CONFIRMED_SOURCE_BEHAVIOR,Ratchets de TypeScript tratam falha do compilador como zero erros,https://github.com/adm01-debug/Zapp_Web_V2/blob/da307ba5626dce892f0b37cb6762463f55d14a96/scripts/ci/typecheck-ratchet.mjs#L96-L113,reports/infra/findings.json
R2-INF-009,P2,infra,CONFIRMED_SOURCE_BEHAVIOR,Gate de dependências aceita erro de registry como relatório sem vulnerabilidade,https://github.com/adm01-debug/Zapp_Web_V2/blob/da307ba5626dce892f0b37cb6762463f55d14a96/.github/workflows/ci.yml#L323-L329,reports/infra/findings.json
R2-INF-010,P2,infra,CONFIRMED_SOURCE_BEHAVIOR,Suite scripts/db-tests não entende a RPC e pode passar com zero assertivas,https://github.com/adm01-debug/Zapp_Web_V2/blob/da307ba5626dce892f0b37cb6762463f55d14a96/scripts/db-tests/run-all.mjs#L20-L67,reports/infra/findings.json
R2-INF-011,P2,infra,CONFIRMED_SOURCE_BEHAVIOR,Prova de IA coloca senha/token em argv e deixa sessão Auth no arquivo de saída,https://github.com/adm01-debug/Zapp_Web_V2/blob/da307ba5626dce892f0b37cb6762463f55d14a96/scripts/qa/prova-orcamento-rate-limit.sh#L21-L23,reports/infra/findings.json
R2-INF-012,P2,infra,CONFIRMED_SOURCE_BEHAVIOR,Prova de orçamento/rate limit termina com ok sem verificar o comportamento,https://github.com/adm01-debug/Zapp_Web_V2/blob/da307ba5626dce892f0b37cb6762463f55d14a96/scripts/qa/prova-orcamento-rate-limit.sh#L62-L89,reports/infra/findings.json
R2-INF-013,P2,infra,CONFIRMED_SOURCE_BEHAVIOR,Inventário de testes ignora quatro suites Node fora dos globs de CI,https://github.com/adm01-debug/Zapp_Web_V2/blob/da307ba5626dce892f0b37cb6762463f55d14a96/scripts/ci/check-test-inventory.mjs#L17-L57,reports/infra/findings.json
R2-INF-014,P2,infra,CONFIRMED_SOURCE_BEHAVIOR,Replay local reutiliza nome destrutivamente e tem exit0 após falhas de migrations,https://github.com/adm01-debug/Zapp_Web_V2/blob/da307ba5626dce892f0b37cb6762463f55d14a96/scripts/db-audit/replay-local.sh#L16-L36,reports/infra/findings.json
R2-INF-015,P2,infra,CONFIRMED_SOURCE_BEHAVIOR,Três probes anteriores rotulam baseline fixo sem validar a fonte executada,https://github.com/adm01-debug/Zapp_Web_V2/blob/60a5c9fa6769dcd2b706ea33215f6f090d869a78/docs/reconciliation/reproduce/transversal/local-semantic-probes.mjs#L1-L38,reports/infra/findings.json
R2-INF-016,P2,infra,CONFIRMED_SOURCE_BEHAVIOR,Guarda de exposição de erro não encontra respostas 500 presentes no repositório,https://github.com/adm01-debug/Zapp_Web_V2/blob/da307ba5626dce892f0b37cb6762463f55d14a96/scripts/ci/check-edge-error-exposure.mjs#L25-L46,reports/infra/findings.json
R2-INF-017,P2,infra,CONFIRMED_SOURCE_BEHAVIOR,Atestação de Edge aceita inventário anterior sem prova de no-op do deploy,https://github.com/adm01-debug/Zapp_Web_V2/blob/da307ba5626dce892f0b37cb6762463f55d14a96/scripts/edge-deploy/stable-inventory.mjs#L101-L158,reports/infra/findings.json
R2-INF-018,P2,infra,CONFIRMED_SOURCE_BEHAVIOR,KPI semanal limita runs a 100 e publica ranking de jobs sem consultá-los,https://github.com/adm01-debug/Zapp_Web_V2/blob/da307ba5626dce892f0b37cb6762463f55d14a96/scripts/ci/actions-kpi.mjs#L49-L85,reports/infra/findings.json
R2-INF-019,P2,infra,CONFIRMED_SOURCE_BEHAVIOR,Runner de mutação conta falha de infraestrutura como mutante morto,https://github.com/adm01-debug/Zapp_Web_V2/blob/da307ba5626dce892f0b37cb6762463f55d14a96/scripts/mutation/run-mapa.mjs#L125-L142,reports/infra/findings.json
R2-INF-020,P2,infra,CONFIRMED_SOURCE_BEHAVIOR,Prova dos classificadores pode aprovar consumo sem comprovar seus registros,https://github.com/adm01-debug/Zapp_Web_V2/blob/da307ba5626dce892f0b37cb6762463f55d14a96/scripts/qa/prova-visao-classificadores.mjs#L1-L37,reports/infra/findings.json
R2-INF-021,P2,infra,CONFIRMED_SOURCE_BEHAVIOR,Falha dos fixtures E2E é omitida do veredito e do alerta do DB Live Guard,https://github.com/adm01-debug/Zapp_Web_V2/blob/da307ba5626dce892f0b37cb6762463f55d14a96/.github/workflows/db-live-guard.yml#L192-L205,reports/infra/findings.json
R2-INF-023,P2,infra,CONFIRMED_SOURCE_BEHAVIOR,Revalidação de contexto fora da RPC deixa análise antiga substituir uma projeção concorrente,https://github.com/adm01-debug/Zapp_Web_V2/blob/da307ba5626dce892f0b37cb6762463f55d14a96/supabase/functions/_shared/ai-conversation-pipeline.ts#L178-L200,reports/infra/findings.json
R2-INF-024,P2,infra,CONFIRMED_SOURCE_BEHAVIOR,Sugestões com JSON inválido para o contrato chegam à interface ou viram frases fixas sem sinal de degradação,https://github.com/adm01-debug/Zapp_Web_V2/blob/da307ba5626dce892f0b37cb6762463f55d14a96/supabase/functions/ai-suggest-reply/index.ts#L163-L192,reports/infra/findings.json
R2-INF-025,P2,infra,CONFIRMED_SOURCE_BEHAVIOR,Reescrita atrasada substitui edição mais nova do mesmo rascunho,https://github.com/adm01-debug/Zapp_Web_V2/blob/da307ba5626dce892f0b37cb6762463f55d14a96/src/components/inbox/chat/AIRewriteButton.tsx#L33-L63,reports/infra/findings.json
R2-MOD-003,P2,modules,CONFIRMED_SOURCE_BEHAVIOR,Editor de automação fecha sem aguardar confirmação da persistência,https://github.com/adm01-debug/Zapp_Web_V2/blob/da307ba5626dce892f0b37cb6762463f55d14a96/src/components/automations/AutomationsManager.tsx#L33-L38,reports/modules/findings.json
R2-MOD-005,P2,modules,CONFIRMED_SOURCE_BEHAVIOR,Campanhas aceita público e mídia sem campos ou materialização correspondente,https://github.com/adm01-debug/Zapp_Web_V2/blob/da307ba5626dce892f0b37cb6762463f55d14a96/src/components/campaigns/CampaignCreateDialog.tsx#L17-L48,reports/modules/findings.json
R2-MOD-006,P2,modules,CONFIRMED_SOURCE_BEHAVIOR,Campanha pausada não tem comando de retomada,https://github.com/adm01-debug/Zapp_Web_V2/blob/da307ba5626dce892f0b37cb6762463f55d14a96/src/components/campaigns/CampaignsView.tsx#L100-L113,reports/modules/findings.json
R2-MOD-008,P2,modules,CONFIRMED_SOURCE_BEHAVIOR,Pré-validação de envio do catálogo ausente em lote e permissiva quando a consulta falha,https://github.com/adm01-debug/Zapp_Web_V2/blob/da307ba5626dce892f0b37cb6762463f55d14a96/src/components/catalog/CatalogBulkSendDialog.tsx#L190-L215,reports/modules/findings.json
R2-MOD-009,P2,modules,CONFIRMED_SOURCE_BEHAVIOR,Retorno à primeira página não consulta produtos no catálogo do chat e na gestão,https://github.com/adm01-debug/Zapp_Web_V2/blob/da307ba5626dce892f0b37cb6762463f55d14a96/src/components/catalog/ExternalProductCatalog.tsx#L169-L197,reports/modules/findings.json
R2-MOD-010,P2,modules,CONFIRMED_SOURCE_BEHAVIOR,Catálogo conta seleção persistente mas envia somente produtos do filtro visível,https://github.com/adm01-debug/Zapp_Web_V2/blob/da307ba5626dce892f0b37cb6762463f55d14a96/src/components/catalog/ExternalProductCatalog.tsx#L179-L198,reports/modules/findings.json
R2-MOD-011,P2,modules,CONFIRMED_SOURCE_BEHAVIOR,Limite de dez imagens não é aplicado à seleção inicial ou ao envio,https://github.com/adm01-debug/Zapp_Web_V2/blob/da307ba5626dce892f0b37cb6762463f55d14a96/src/components/catalog/SendProductDialog.tsx#L220-L256,reports/modules/findings.json
R2-MOD-012,P2,modules,CONFIRMED_SOURCE_BEHAVIOR,University reaplica resposta de análise após a troca do período,https://github.com/adm01-debug/Zapp_Web_V2/blob/da307ba5626dce892f0b37cb6762463f55d14a96/src/hooks/ui/useUniversityHelp.ts#L48-L68,reports/modules/findings.json
R2-MOD-014,P2,modules,CONFIRMED_SOURCE_BEHAVIOR,Selecionar chamada fora da primeira página retorna à primeira e perde o detalhe,https://github.com/adm01-debug/Zapp_Web_V2/blob/da307ba5626dce892f0b37cb6762463f55d14a96/src/hooks/calls/useTelefoniaFilters.ts#L61-L74,reports/modules/findings.json
R2-MOD-015,P2,modules,CONFIRMED_SOURCE_BEHAVIOR,Histórico anuncia correção de página inválida sem refazer a consulta,https://github.com/adm01-debug/Zapp_Web_V2/blob/da307ba5626dce892f0b37cb6762463f55d14a96/src/hooks/calls/useMyCalls.ts#L43-L77,reports/modules/findings.json
R2-MOD-017,P2,modules,CONFIRMED_SOURCE_BEHAVIOR,Relatórios comparam períodos de duração desigual e mostram início anterior diferente do consultado,https://github.com/adm01-debug/Zapp_Web_V2/blob/da307ba5626dce892f0b37cb6762463f55d14a96/src/components/reports/useReportsData.ts#L28-L42,reports/modules/findings.json
R2-MOD-018,P2,modules,CONFIRMED_SOURCE_BEHAVIOR,Totais dos Relatórios Avançados agregam apenas uma página de mensagens e contatos,https://github.com/adm01-debug/Zapp_Web_V2/blob/da307ba5626dce892f0b37cb6762463f55d14a96/src/components/reports/useReportsData.ts#L44-L105,reports/modules/findings.json
R2-MOD-019,P2,modules,CONFIRMED_SOURCE_BEHAVIOR,Falhas de leitura de Relatórios Avançados são apresentadas como métricas zero,https://github.com/adm01-debug/Zapp_Web_V2/blob/da307ba5626dce892f0b37cb6762463f55d14a96/src/components/reports/useReportsData.ts#L44-L105,reports/modules/findings.json
R2-MOD-020,P2,modules,CONFIRMED_SOURCE_BEHAVIOR,Taxa de abandono trata mensagem anterior do agente como resposta e não identifica sessões,https://github.com/adm01-debug/Zapp_Web_V2/blob/da307ba5626dce892f0b37cb6762463f55d14a96/src/components/reports/AbandonmentRate.tsx#L14-L54,reports/modules/findings.json
R2-MOD-021,P2,modules,CONFIRMED_SOURCE_BEHAVIOR,Monitor Multiplix depende dos cinquenta disparos mais recentes e UI só abre oito,https://github.com/adm01-debug/Zapp_Web_V2/blob/da307ba5626dce892f0b37cb6762463f55d14a96/src/components/multiplix/MultiplixView.tsx#L172-L192,reports/modules/findings.json
R2-MOD-022,P2,modules,CONFIRMED_SOURCE_BEHAVIOR,Lista de destinatários Multiplix descarta continuação e não diferencia falha de vazio,https://github.com/adm01-debug/Zapp_Web_V2/blob/da307ba5626dce892f0b37cb6762463f55d14a96/src/hooks/integrations/useMultiplixDispatches.ts#L172-L187,reports/modules/findings.json
R2-MOD-023,P2,modules,CONFIRMED_SOURCE_BEHAVIOR,Idempotência do composer Multiplix é descartada em falha de resposta da criação,https://github.com/adm01-debug/Zapp_Web_V2/blob/da307ba5626dce892f0b37cb6762463f55d14a96/src/hooks/integrations/useMultiplixDispatches.ts#L254-L304,reports/modules/findings.json
R2-MOD-026,P2,modules,CONFIRMED_SOURCE_BEHAVIOR,Debounce global TalkX descarta atualização de outra campanha e desliga polling,https://github.com/adm01-debug/Zapp_Web_V2/blob/da307ba5626dce892f0b37cb6762463f55d14a96/src/hooks/integrations/useTalkX.ts#L144-L198,reports/modules/findings.json
R2-MOD-027,P2,modules,CONFIRMED_SOURCE_BEHAVIOR,Sair do wizard antes do autosave perde edição sem a proteção beforeunload,https://github.com/adm01-debug/Zapp_Web_V2/blob/da307ba5626dce892f0b37cb6762463f55d14a96/src/components/talkx/TalkXCampaignWizard.tsx#L52-L57,reports/modules/findings.json
R2-MOD-028,P2,modules,CONFIRMED_SOURCE_BEHAVIOR,Estatísticas CSAT podem continuar no snapshot anterior após atualizar as avaliações,https://github.com/adm01-debug/Zapp_Web_V2/blob/da307ba5626dce892f0b37cb6762463f55d14a96/src/hooks/business/useCSAT.ts#L44-L81,reports/modules/findings.json
R2-MOD-029,P2,modules,CONFIRMED_SOURCE_BEHAVIOR,Agenda filtra pendentes depois de uma consulta global que pode ser ocupada pelo histórico,https://github.com/adm01-debug/Zapp_Web_V2/blob/da307ba5626dce892f0b37cb6762463f55d14a96/src/hooks/chat/useScheduledMessages.ts#L22-L42,reports/modules/findings.json
R2-MOD-030,P2,modules,CONFIRMED_SOURCE_BEHAVIOR,War Room apresenta habilitação e contatos atribuídos como presença e atendimento ativo,https://github.com/adm01-debug/Zapp_Web_V2/blob/da307ba5626dce892f0b37cb6762463f55d14a96/src/hooks/business/useWarRoomData.ts#L38-L78,reports/modules/findings.json
R2-MOD-031,P2,modules,CONFIRMED_SOURCE_BEHAVIOR,Auto-atualização do War Room controla apenas o relógio exibido,https://github.com/adm01-debug/Zapp_Web_V2/blob/da307ba5626dce892f0b37cb6762463f55d14a96/src/components/dashboard/WarRoomDashboard.tsx#L38-L58,reports/modules/findings.json
R2-MOD-032,P2,modules,CONFIRMED_SOURCE_BEHAVIOR,Conclusão remota da campanha não limpa seleção e modais em andamento,https://github.com/adm01-debug/Zapp_Web_V2/blob/da307ba5626dce892f0b37cb6762463f55d14a96/src/components/talkx/TalkXCampaignRunning.tsx#L498-L517,reports/modules/findings.json
R2-MOD-033,P2,modules,CONFIRMED_SOURCE_BEHAVIOR,Ritmo e prazo da campanha usam os primeiros envios e minutos não consecutivos,https://github.com/adm01-debug/Zapp_Web_V2/blob/da307ba5626dce892f0b37cb6762463f55d14a96/src/components/talkx/TalkXCampaignRunning.tsx#L419-L439,reports/modules/findings.json
R2-MOD-034,P2,modules,CONFIRMED_SOURCE_BEHAVIOR,Lista de supressão não identifica nem encontra bloqueios cadastrados somente por telefone,https://github.com/adm01-debug/Zapp_Web_V2/blob/da307ba5626dce892f0b37cb6762463f55d14a96/src/hooks/integrations/useTalkXSuppression.ts#L13-L35,reports/modules/findings.json
R2-MOD-035,P2,modules,CONFIRMED_SOURCE_BEHAVIOR,Cadastro de supressão busca contato somente no primeiro lote carregado,https://github.com/adm01-debug/Zapp_Web_V2/blob/da307ba5626dce892f0b37cb6762463f55d14a96/src/components/talkx/TalkXSuppression.tsx#L65-L80,reports/modules/findings.json
R2-MOD-036,P2,modules,CONFIRMED_SOURCE_BEHAVIOR,Consumidores Talk X ainda convertem erro de leitura em vazio ou carregamento indefinido,https://github.com/adm01-debug/Zapp_Web_V2/blob/da307ba5626dce892f0b37cb6762463f55d14a96/src/components/talkx/TalkXView.tsx#L335-L344,reports/modules/findings.json
R2-MOD-037,P2,modules,CONFIRMED_SOURCE_BEHAVIOR,Analytics Talk X rotula taxa de envio como entrega e usa volume para recomendar abertura,https://github.com/adm01-debug/Zapp_Web_V2/blob/da307ba5626dce892f0b37cb6762463f55d14a96/src/components/talkx/TalkXAnalytics.tsx#L42-L57,reports/modules/findings.json
R2-MOD-038,P2,modules,CONFIRMED_SOURCE_BEHAVIOR,Detalhe de segmento conserva cópia antiga depois de salvar e pode reabrir campos obsoletos,https://github.com/adm01-debug/Zapp_Web_V2/blob/da307ba5626dce892f0b37cb6762463f55d14a96/src/components/talkx/TalkXSegments.tsx#L33-L39,reports/modules/findings.json
R2-MOD-040,P2,modules,CONFIRMED_SOURCE_BEHAVIOR,Resposta tardia de geração de áudio pode iniciar reprodução após fechar o diálogo,https://github.com/adm01-debug/Zapp_Web_V2/blob/da307ba5626dce892f0b37cb6762463f55d14a96/src/components/settings/media-library/AIGenerateDialog.tsx#L14-L36,reports/modules/findings.json
R2-MOD-041,P2,modules,CONFIRMED_SOURCE_BEHAVIOR,Exportar catálogo perde quase todos os filtros da listagem,https://github.com/adm01-debug/Zapp_Web_V2/blob/da307ba5626dce892f0b37cb6762463f55d14a96/src/components/catalog/ExternalProductManagement.tsx#L470-L497,reports/modules/findings.json
R2-MOD-042,P2,modules,CONFIRMED_SOURCE_BEHAVIOR,Histórico de envios do catálogo esconde registros além dos 500 mais recentes,https://github.com/adm01-debug/Zapp_Web_V2/blob/da307ba5626dce892f0b37cb6762463f55d14a96/src/hooks/integrations/useCatalogSendHistory.ts#L44-L50,reports/modules/findings.json
R2-MOD-043,P2,modules,CONFIRMED_SOURCE_BEHAVIOR,Favoritar em lote anuncia sucesso antes da escrita e oculta falhas de persistência,https://github.com/adm01-debug/Zapp_Web_V2/blob/da307ba5626dce892f0b37cb6762463f55d14a96/src/components/catalog/ExternalProductManagement.tsx#L433-L441,reports/modules/findings.json
R2-MOD-044,P2,modules,CONFIRMED_SOURCE_BEHAVIOR,Ranking Mais enviados do catálogo conta tentativas que falharam totalmente,https://github.com/adm01-debug/Zapp_Web_V2/blob/da307ba5626dce892f0b37cb6762463f55d14a96/src/components/catalog/useSendProduct.ts#L209-L239,reports/modules/findings.json
R2-MOD-045,P2,modules,CONFIRMED_SOURCE_BEHAVIOR,Enviar variação perde a cor escolhida no catálogo de gestão,https://github.com/adm01-debug/Zapp_Web_V2/blob/da307ba5626dce892f0b37cb6762463f55d14a96/src/components/catalog/ProductDetailDialog.tsx#L618-L625,reports/modules/findings.json
R2-MOD-046,P2,modules,CONFIRMED_SOURCE_BEHAVIOR,Reabrir detalhe do cartão A pode continuar exibindo o produto B navegado anteriormente,https://github.com/adm01-debug/Zapp_Web_V2/blob/da307ba5626dce892f0b37cb6762463f55d14a96/src/components/catalog/ExternalProductCatalog.tsx#L541-L552,reports/modules/findings.json
R2-MOD-048,P2,modules,CONFIRMED_SOURCE_BEHAVIOR,Favoritos convertem preço e estoque desconhecidos em zero real na interface e no envio,https://github.com/adm01-debug/Zapp_Web_V2/blob/da307ba5626dce892f0b37cb6762463f55d14a96/src/components/catalog/catalogShared.tsx#L945-L977,reports/modules/findings.json
R2-MOD-049,P2,modules,CONFIRMED_SOURCE_BEHAVIOR,Editar contato da tarefa não persiste o vínculo escolhido,https://github.com/adm01-debug/Zapp_Web_V2/blob/da307ba5626dce892f0b37cb6762463f55d14a96/src/components/tasks/shared/WorkItemSheet.tsx#L282-L297,reports/modules/findings.json
R2-MOD-050,P2,modules,CONFIRMED_SOURCE_BEHAVIOR,Salvar tarefa reconstrói datas locais sem offset e pode deslocar prazo e alarme,https://github.com/adm01-debug/Zapp_Web_V2/blob/da307ba5626dce892f0b37cb6762463f55d14a96/src/components/tasks/shared/WorkItemSheet.tsx#L40-L55,reports/modules/findings.json
R2-MOD-051,P2,modules,CONFIRMED_SOURCE_BEHAVIOR,Salvar tarefa fecha com escritas pendentes e divide a edição em operações concorrentes,https://github.com/adm01-debug/Zapp_Web_V2/blob/da307ba5626dce892f0b37cb6762463f55d14a96/src/components/tasks/shared/WorkItemSheet.tsx#L71-L80,reports/modules/findings.json
R2-MOD-052,P2,modules,CONFIRMED_SOURCE_BEHAVIOR,Reagendar alarme pelo Salvar não rearma uma tarefa que já foi notificada,https://github.com/adm01-debug/Zapp_Web_V2/blob/da307ba5626dce892f0b37cb6762463f55d14a96/src/components/tasks/shared/WorkItemSheet.tsx#L186-L203,reports/modules/findings.json
R2-MOD-053,P2,modules,CONFIRMED_SOURCE_BEHAVIOR,Desfazer cancelamento/conclusão não restaura todo o estado e anuncia sucesso antes da gravação,https://github.com/adm01-debug/Zapp_Web_V2/blob/da307ba5626dce892f0b37cb6762463f55d14a96/src/hooks/tasks/useMyWorkItems.ts#L489-L521,reports/modules/findings.json
R2-MOD-054,P2,modules,CONFIRMED_SOURCE_BEHAVIOR,Tarefas e filtros consultam somente a primeira resposta da API sem continuação,https://github.com/adm01-debug/Zapp_Web_V2/blob/da307ba5626dce892f0b37cb6762463f55d14a96/src/hooks/tasks/useMyWorkItems.ts#L195-L222,reports/modules/findings.json
R2-MOD-055,P2,modules,CONFIRMED_SOURCE_BEHAVIOR,Arrastar tarefa entre colunas filtradas persiste índice em relação à lista não filtrada,https://github.com/adm01-debug/Zapp_Web_V2/blob/da307ba5626dce892f0b37cb6762463f55d14a96/src/components/tasks/TasksModule.tsx#L63-L78,reports/modules/findings.json
R2-MOD-056,P2,modules,CONFIRMED_SOURCE_BEHAVIOR,Agenda restaura o prazo do dia anterior se o dia for trocado durante a criação,https://github.com/adm01-debug/Zapp_Web_V2/blob/da307ba5626dce892f0b37cb6762463f55d14a96/src/components/tasks/agenda/TasksAgendaMode.tsx#L109-L150,reports/modules/findings.json
R2-MOD-057,P2,modules,CONFIRMED_SOURCE_BEHAVIOR,Cartão de tarefa concluída oferece lembrete que o executor exclui por estado,https://github.com/adm01-debug/Zapp_Web_V2/blob/da307ba5626dce892f0b37cb6762463f55d14a96/src/components/tasks/shared/WorkItemCard.tsx#L54-L55,reports/modules/findings.json
R2-MOD-059,P2,modules,CONFIRMED_SOURCE_BEHAVIOR,Filtro de período do Talk X aparece nas quatro telas sem consumidor,https://github.com/adm01-debug/Zapp_Web_V2/blob/da307ba5626dce892f0b37cb6762463f55d14a96/src/components/talkx/kit/filters.tsx#L116-L135,reports/modules/findings.json
R2-MOD-061,P2,modules,CONFIRMED_SOURCE_BEHAVIOR,Atalho Duplicar template abre o editor do original,https://github.com/adm01-debug/Zapp_Web_V2/blob/da307ba5626dce892f0b37cb6762463f55d14a96/src/components/talkx/TalkXTemplates.tsx#L55-L56,reports/modules/findings.json
R2-MOD-063,P2,modules,CONFIRMED_SOURCE_BEHAVIOR,Duas metas configuráveis nunca entram no cálculo das notificações de conquista,https://github.com/adm01-debug/Zapp_Web_V2/blob/da307ba5626dce892f0b37cb6762463f55d14a96/src/components/dashboard/GoalsConfigDialog.tsx#L44-L53,reports/modules/findings.json
R2-MOD-064,P2,modules,CONFIRMED_SOURCE_BEHAVIOR,Restaurar padrões das metas perde IDs e Salvar tenta reinserir configurações existentes,https://github.com/adm01-debug/Zapp_Web_V2/blob/da307ba5626dce892f0b37cb6762463f55d14a96/src/components/dashboard/GoalsConfigDialog.tsx#L92-L113,reports/modules/findings.json
R2-MOD-065,P2,modules,CONFIRMED_SOURCE_BEHAVIOR,Escolher período Personalizado não abre o calendário do Dashboard,https://github.com/adm01-debug/Zapp_Web_V2/blob/da307ba5626dce892f0b37cb6762463f55d14a96/src/components/dashboard/DashboardFilters.tsx#L68-L102,reports/modules/findings.json
R2-PLAT-001,P2,platform,CONFIRMED_SOURCE_BEHAVIOR,Avançar no histórico para uma tela repetida seleciona a ocorrência anterior,https://github.com/adm01-debug/Zapp_Web_V2/blob/da307ba5626dce892f0b37cb6762463f55d14a96/src/hooks/system/useNavigationHistory.ts#L115-L139,reports/platform/findings.json
R2-PLAT-002,P2,platform,CONFIRMED_SOURCE_BEHAVIOR,Contagem de notificações não lidas diverge da lista após leitura e eventos,https://github.com/adm01-debug/Zapp_Web_V2/blob/da307ba5626dce892f0b37cb6762463f55d14a96/src/hooks/system/useNotifications.ts#L80-L104,reports/platform/findings.json
R2-PLAT-003,P2,platform,CONFIRMED_SOURCE_BEHAVIOR,Três controles de notificação só alteram cache e voltam ao padrão após recarga,https://github.com/adm01-debug/Zapp_Web_V2/blob/da307ba5626dce892f0b37cb6762463f55d14a96/src/hooks/system/useNotificationSettings.ts#L10-L45,reports/platform/findings.json
R2-PLAT-004,P2,platform,CONFIRMED_SOURCE_BEHAVIOR,Restaurar preferências anuncia sucesso e mantém cache alterado quando o banco rejeita,https://github.com/adm01-debug/Zapp_Web_V2/blob/da307ba5626dce892f0b37cb6762463f55d14a96/src/components/notifications/NotificationSettingsPanel.tsx#L36-L39,reports/platform/findings.json
R2-PLAT-005,P2,platform,CONFIRMED_SOURCE_BEHAVIOR,Falha de carregamento de notificações aparece como ausência confirmada,https://github.com/adm01-debug/Zapp_Web_V2/blob/da307ba5626dce892f0b37cb6762463f55d14a96/src/hooks/system/useNotifications.ts#L20-L60,reports/platform/findings.json
R2-PLAT-006,P2,platform,CONFIRMED_SOURCE_BEHAVIOR,Buscas recentes persistem entre usuários no mesmo perfil de navegador,https://github.com/adm01-debug/Zapp_Web_V2/blob/da307ba5626dce892f0b37cb6762463f55d14a96/src/hooks/system/useSearchHistory.ts#L3-L39,reports/platform/findings.json
R2-PLAT-007,P2,platform,CONFIRMED_SOURCE_BEHAVIOR,Desfazer no aviso anterior reverte a operação seguinte de arquivamento,https://github.com/adm01-debug/Zapp_Web_V2/blob/da307ba5626dce892f0b37cb6762463f55d14a96/src/hooks/system/useUndoableAction.ts#L51-L111,reports/platform/findings.json
R2-PLAT-008,P2,platform,CONFIRMED_SOURCE_BEHAVIOR,Editar atalhos em instâncias separadas perde personalizações e mantém o listener antigo,https://github.com/adm01-debug/Zapp_Web_V2/blob/da307ba5626dce892f0b37cb6762463f55d14a96/src/hooks/ui/useCustomShortcuts.ts#L41-L94,reports/platform/findings.json
R2-PLAT-009,P2,platform,CONFIRMED_SOURCE_BEHAVIOR,Atalho Ir para Dashboard anuncia navegação sem selecionar a view Dashboard,https://github.com/adm01-debug/Zapp_Web_V2/blob/da307ba5626dce892f0b37cb6762463f55d14a96/src/hooks/shortcuts/defaultShortcuts.ts#L24-L25,reports/platform/findings.json
R2-API-002,P2,providers,CONFIRMED_SOURCE_BEHAVIOR,Receipt GO de saída ainda fica fora de Multiplix e do estado da mensagem no inbox,https://github.com/adm01-debug/Zapp_Web_V2/blob/da307ba5626dce892f0b37cb6762463f55d14a96/supabase/functions/_shared/evolution-go-adapter.ts#L169-L183,reports/providers/findings.json
R2-API-003,P2,providers,CONFIRMED_SOURCE_BEHAVIOR,Edições e reações do webhook não correlacionam o evento à conexão,https://github.com/adm01-debug/Zapp_Web_V2/blob/da307ba5626dce892f0b37cb6762463f55d14a96/supabase/functions/_shared/evolution-webhook-msg-handlers.ts#L328-L349,reports/providers/findings.json
R2-API-004,P2,providers,CONFIRMED_SOURCE_BEHAVIOR,Falha de lookup de conexão vira cache negativo e amplia o escopo de mutações,https://github.com/adm01-debug/Zapp_Web_V2/blob/da307ba5626dce892f0b37cb6762463f55d14a96/supabase/functions/_shared/evolution-helpers.ts#L197-L219,reports/providers/findings.json
R2-API-005,P2,providers,CONFIRMED_SOURCE_BEHAVIOR,Mensagem de grupo GO pode entrar no inbox como conversa direta do participante,https://github.com/adm01-debug/Zapp_Web_V2/blob/da307ba5626dce892f0b37cb6762463f55d14a96/supabase/functions/_shared/evolution-go-adapter.ts#L104-L133,reports/providers/findings.json
R2-API-007,P2,providers,CONFIRMED_SOURCE_BEHAVIOR,Indecisão sobre palavra de opt-out é interpretada como ausência de opt-out,https://github.com/adm01-debug/Zapp_Web_V2/blob/da307ba5626dce892f0b37cb6762463f55d14a96/supabase/functions/_shared/evolution-webhook-messages.ts#L61-L95,reports/providers/findings.json
R2-API-008,P2,providers,CONFIRMED_SOURCE_BEHAVIOR,Autoresposta de opt-out anuncia envio mesmo com HTTP de erro,https://github.com/adm01-debug/Zapp_Web_V2/blob/da307ba5626dce892f0b37cb6762463f55d14a96/supabase/functions/_shared/evolution-webhook-messages.ts#L532-L561,reports/providers/findings.json
R2-API-010,P2,providers,CONFIRMED_SOURCE_BEHAVIOR,"Horário comercial salvo, worker e scheduler usam contratos diferentes",https://github.com/adm01-debug/Zapp_Web_V2/blob/da307ba5626dce892f0b37cb6762463f55d14a96/supabase/functions/_shared/talkx-window.ts#L33-L49,reports/providers/findings.json
R2-API-012,P2,providers,CONFIRMED_SOURCE_BEHAVIOR,Gmail webhook não persiste metadados de anexos exigidos para download,https://github.com/adm01-debug/Zapp_Web_V2/blob/da307ba5626dce892f0b37cb6762463f55d14a96/supabase/functions/gmail-webhook/index.ts#L235-L254,reports/providers/findings.json
R2-API-013,P2,providers,CONFIRMED_SOURCE_BEHAVIOR,Heartbeat Multiplix descarta o builder RPC e não renova o lease,https://github.com/adm01-debug/Zapp_Web_V2/blob/da307ba5626dce892f0b37cb6762463f55d14a96/supabase/functions/multiplix-send/index.ts#L507-L526,reports/providers/findings.json
R2-API-014,P2,providers,CONFIRMED_SOURCE_BEHAVIOR,Falha ao consultar privacidade transforma atualização parcial em abertura de outros campos,https://github.com/adm01-debug/Zapp_Web_V2/blob/da307ba5626dce892f0b37cb6762463f55d14a96/supabase/functions/evolution-api/index.ts#L771-L793,reports/providers/findings.json
R2-API-015,P2,providers,CONFIRMED_SOURCE_BEHAVIOR,Controle de sessão usa rotas GO mesmo com EVOLUTION_API_FLAVOR=v2,https://github.com/adm01-debug/Zapp_Web_V2/blob/da307ba5626dce892f0b37cb6762463f55d14a96/supabase/functions/evolution-api/index.ts#L120-L120,reports/providers/findings.json
R2-API-017,P2,providers,GAP_OR_UNRESOLVED_CONTRACT,"scheduled_messages tem produtor e estados, mas executor não foi encontrado no código versionado",https://github.com/adm01-debug/Zapp_Web_V2/blob/da307ba5626dce892f0b37cb6762463f55d14a96/src/hooks/chat/useScheduledMessages.ts#L44-L104,reports/providers/findings.json
R2-API-018,P2,providers,CONFIRMED_SOURCE_BEHAVIOR,Bitrix pode devolver sucesso de criação mesmo quando o provedor rejeita,https://github.com/adm01-debug/Zapp_Web_V2/blob/da307ba5626dce892f0b37cb6762463f55d14a96/supabase/functions/bitrix-api/index.ts#L157-L172,reports/providers/findings.json
R2-API-019,P2,providers,CONFIRMED_SOURCE_BEHAVIOR,Webhook WhatsApp oficial confirma entrada sem persistir mensagem e pode rebaixar status,https://github.com/adm01-debug/Zapp_Web_V2/blob/da307ba5626dce892f0b37cb6762463f55d14a96/supabase/functions/whatsapp-webhook/index.ts#L15-L38,reports/providers/findings.json
R2-API-023,P2,providers,CONFIRMED_SOURCE_BEHAVIOR,Relatório agendado avança last_sent_at e anuncia sucesso após falha de envio,https://github.com/adm01-debug/Zapp_Web_V2/blob/da307ba5626dce892f0b37cb6762463f55d14a96/supabase/functions/send-scheduled-report/index.ts#L91-L111,reports/providers/findings.json
R2-API-024,P2,providers,CONFIRMED_SOURCE_BEHAVIOR,Diálogo ElevenLabs envia script e omite o campo inputs obrigatório do provedor,https://github.com/adm01-debug/Zapp_Web_V2/blob/da307ba5626dce892f0b37cb6762463f55d14a96/supabase/functions/elevenlabs-dialogue/index.ts#L18-L40,reports/providers/findings.json
R2-API-025,P2,providers,CONFIRMED_SOURCE_BEHAVIOR,Geração musical envia duração no nome e unidade do contrato de efeitos sonoros,https://github.com/adm01-debug/Zapp_Web_V2/blob/da307ba5626dce892f0b37cb6762463f55d14a96/supabase/functions/elevenlabs-sfx/index.ts#L22-L42,reports/providers/findings.json
R2-API-026,P2,providers,CONFIRMED_SOURCE_BEHAVIOR,Worker de IA deixa lease expirar durante o handler e permite reexecução após efeito externo iniciado,https://github.com/adm01-debug/Zapp_Web_V2/blob/da307ba5626dce892f0b37cb6762463f55d14a96/supabase/functions/ai-jobs-worker/index.ts#L59-L75,reports/providers/findings.json
R2-API-028,P2,providers,CONFIRMED_SOURCE_BEHAVIOR,"Auto-close conta encerramento mesmo quando mensagem, closure e desatribuição falham",https://github.com/adm01-debug/Zapp_Web_V2/blob/da307ba5626dce892f0b37cb6762463f55d14a96/supabase/functions/auto-close-conversations/index.ts#L51-L82,reports/providers/findings.json
R2-API-030,P2,providers,CONFIRMED_SOURCE_BEHAVIOR,Resumo e estimativa Multiplix tratam a primeira página de destinatários como público completo,https://github.com/adm01-debug/Zapp_Web_V2/blob/da307ba5626dce892f0b37cb6762463f55d14a96/supabase/functions/multiplix-dispatch/actions/inspect.ts#L186-L192,reports/providers/findings.json
R2-API-031,P2,providers,CONFIRMED_SOURCE_BEHAVIOR,Presença humanizada pode bloquear o envio além do prazo do chamador,https://github.com/adm01-debug/Zapp_Web_V2/blob/da307ba5626dce892f0b37cb6762463f55d14a96/supabase/functions/_shared/messaging/evolution-go.ts#L200-L214,reports/providers/findings.json
R2-API-032,P2,providers,CONFIRMED_SOURCE_BEHAVIOR,Modo de teste do AI Proxy permite chamada paga sem cota nem registro de consumo,https://github.com/adm01-debug/Zapp_Web_V2/blob/da307ba5626dce892f0b37cb6762463f55d14a96/supabase/functions/ai-proxy/index.ts#L474-L497,reports/providers/findings.json
R2-API-033,P2,providers,CONFIRMED_SOURCE_BEHAVIOR,Auto-tag conserva etiquetas antigas quando a nova classificação válida não tem tags,https://github.com/adm01-debug/Zapp_Web_V2/blob/da307ba5626dce892f0b37cb6762463f55d14a96/supabase/functions/_shared/ai-response-contracts.ts#L123-L134,reports/providers/findings.json
R2-API-034,P2,providers,CONFIRMED_SOURCE_BEHAVIOR,Recuperação de áudio reutiliza a conexão da primeira mensagem em todo o lote,https://github.com/adm01-debug/Zapp_Web_V2/blob/da307ba5626dce892f0b37cb6762463f55d14a96/supabase/functions/recover-corrupted-audios/index.ts#L22-L30,reports/providers/findings.json
R2-API-035,P2,providers,CONFIRMED_SOURCE_BEHAVIOR,Timestamp não assinado permite repetir conversões Talk X fora da janela de frescor,https://github.com/adm01-debug/Zapp_Web_V2/blob/da307ba5626dce892f0b37cb6762463f55d14a96/supabase/functions/talkx-link/index.ts#L107-L120,reports/providers/findings.json
R2-API-036,P2,providers,CONFIRMED_SOURCE_BEHAVIOR,Conversão Talk X fornece defaults que a RPC final rejeita,https://github.com/adm01-debug/Zapp_Web_V2/blob/da307ba5626dce892f0b37cb6762463f55d14a96/supabase/functions/talkx-link/index.ts#L126-L135,reports/providers/findings.json
R2-API-037,P2,providers,CONFIRMED_SOURCE_BEHAVIOR,Diagnóstico por conexão usa o tráfego global para declarar saúde,https://github.com/adm01-debug/Zapp_Web_V2/blob/da307ba5626dce892f0b37cb6762463f55d14a96/supabase/functions/webhook-diagnostic/index.ts#L59-L67,reports/providers/findings.json
R2-API-038,P2,providers,CONFIRMED_SOURCE_BEHAVIOR,Relatório Talk X transforma destinatários ignorados fora da página em pendentes,https://github.com/adm01-debug/Zapp_Web_V2/blob/da307ba5626dce892f0b37cb6762463f55d14a96/supabase/functions/talkx-report/index.ts#L94-L112,reports/providers/findings.json
R2-API-039,P2,providers,CONFIRMED_SOURCE_BEHAVIOR,Resposta e polling antigos misturam identidades no diálogo de QR Code,https://github.com/adm01-debug/Zapp_Web_V2/blob/da307ba5626dce892f0b37cb6762463f55d14a96/src/hooks/inbox/useConnectionsManager.ts#L177-L216,reports/providers/findings.json
R2-API-040,P2,providers,CONFIRMED_SOURCE_BEHAVIOR,Editor de privacidade envia padrões locais sem carregar a configuração atual,https://github.com/adm01-debug/Zapp_Web_V2/blob/da307ba5626dce892f0b37cb6762463f55d14a96/src/components/connections/InstanceSettingsDialog.tsx#L40-L66,reports/providers/findings.json
R2-API-041,P2,providers,CONFIRMED_SOURCE_BEHAVIOR,Desativar integração esconde o único botão capaz de persistir a desativação,https://github.com/adm01-debug/Zapp_Web_V2/blob/da307ba5626dce892f0b37cb6762463f55d14a96/src/components/connections/IntegrationsPanel.tsx#L54-L95,reports/providers/findings.json
R2-API-042,P2,providers,CONFIRMED_SOURCE_BEHAVIOR,Envio e sincronização de grupos contam erro lógico do proxy como sucesso,https://github.com/adm01-debug/Zapp_Web_V2/blob/da307ba5626dce892f0b37cb6762463f55d14a96/src/hooks/groups/actions.ts#L33-L61,reports/providers/findings.json
R2-API-043,P2,providers,CONFIRMED_SOURCE_BEHAVIOR,Painel de saúde exclui chamadas de IA registradas fora de ai-proxy,https://github.com/adm01-debug/Zapp_Web_V2/blob/da307ba5626dce892f0b37cb6762463f55d14a96/src/components/settings/ai-providers/AIProviderHealthPanel.tsx#L47-L65,reports/providers/findings.json
R2-API-044,P2,providers,GAP_OR_UNRESOLVED_CONTRACT,Aquecimento e limite de número têm configuração local sem motor identificado,https://github.com/adm01-debug/Zapp_Web_V2/blob/da307ba5626dce892f0b37cb6762463f55d14a96/src/components/connections/NumberReputationMonitor.tsx#L32-L63,reports/providers/findings.json
R2-API-045,P2,providers,GAP_OR_UNRESOLVED_CONTRACT,Mensagem automática fora do expediente é persistida sem consumidor de entrega identificado,https://github.com/adm01-debug/Zapp_Web_V2/blob/da307ba5626dce892f0b37cb6762463f55d14a96/src/components/connections/BusinessHoursDialog.tsx#L212-L230,reports/providers/findings.json
R2-API-046,P2,providers,CONFIRMED_SOURCE_BEHAVIOR,Exclusão de provedor promete fallback automático que o roteamento não executa,https://github.com/adm01-debug/Zapp_Web_V2/blob/da307ba5626dce892f0b37cb6762463f55d14a96/src/components/settings/ai-providers/AIProviderCard.tsx#L129-L141,reports/providers/findings.json
R2-GOV-001,P2,root,CONFIRMED_SOURCE_BEHAVIOR,Duas fontes com tarefas explícitas ficaram sem adjudicação no registro de planos,https://github.com/adm01-debug/Zapp_Web_V2/blob/da307ba5626dce892f0b37cb6762463f55d14a96/docs/PROMPT_LOVABLE_CRM360_INTEGRATION.md#L44-L120,reports/root/findings.json
R2-GOV-002,P2,root,CONFIRMED_SOURCE_BEHAVIOR,Catálogo histórico com 349 marcações de conclusão não comprova os fluxos ativos,https://github.com/adm01-debug/Zapp_Web_V2/blob/da307ba5626dce892f0b37cb6762463f55d14a96/docs/COMPLETE_SYSTEM_FEATURES.md#L430-L460,reports/root/findings.json
R2-QUE-004,P2,root,CONFIRMED_SOURCE_BEHAVIOR,Agrupamento de 30 dias conta o último dia duas vezes,https://github.com/adm01-debug/Zapp_Web_V2/blob/da307ba5626dce892f0b37cb6762463f55d14a96/src/hooks/business/useQueueAnalytics.ts#L74-L121,reports/root/findings.json
R2-QUE-005,P2,root,CONFIRMED_SOURCE_BEHAVIOR,Salvar metas fecha o formulário mesmo quando a gravação falha,https://github.com/adm01-debug/Zapp_Web_V2/blob/da307ba5626dce892f0b37cb6762463f55d14a96/src/hooks/business/useQueueGoals.ts#L68-L103,reports/root/findings.json
R2-QUE-006,P2,root,CONFIRMED_SOURCE_BEHAVIOR,Ações Editar e Configurar fila estão visíveis sem operação,https://github.com/adm01-debug/Zapp_Web_V2/blob/da307ba5626dce892f0b37cb6762463f55d14a96/src/components/queues/QueueCard.tsx#L39-L47,reports/root/findings.json
R2-SLA-001,P2,root,CONFIRMED_SOURCE_BEHAVIOR,Métricas e histórico de SLA usam denominadores incompatíveis,https://github.com/adm01-debug/Zapp_Web_V2/blob/da307ba5626dce892f0b37cb6762463f55d14a96/src/hooks/sla/useSLAMetrics.ts#L41-L74,reports/root/findings.json
R2-SLA-002,P2,root,CONFIRMED_SOURCE_BEHAVIOR,Períodos de SLA não correspondem aos rótulos Todos e 7d,https://github.com/adm01-debug/Zapp_Web_V2/blob/da307ba5626dce892f0b37cb6762463f55d14a96/src/hooks/sla/useSLAMetrics.ts#L31-L54,reports/root/findings.json
R2-SLA-004,P2,root,GAP_OR_UNRESOLVED_CONTRACT,Marco de medição do SLA omite o tempo entre criação e envio,https://github.com/adm01-debug/Zapp_Web_V2/blob/da307ba5626dce892f0b37cb6762463f55d14a96/supabase/migrations/20260903225000_sla_first_response_v2.sql#L1-L11,reports/root/findings.json
R2-COM-008,P3,communication,CONFIRMED_SOURCE_BEHAVIOR,Atalho do compositor ignora a exigência de assunto aplicada ao botão,https://github.com/adm01-debug/Zapp_Web_V2/blob/da307ba5626dce892f0b37cb6762463f55d14a96/src/components/gmail/EmailComposer.tsx#L202-L216,reports/communication/findings.json
R2-INB-030,P3,inbox,CONFIRMED_SOURCE_BEHAVIOR,Header declara contato Online sem consultar presença online,https://github.com/adm01-debug/Zapp_Web_V2/blob/da307ba5626dce892f0b37cb6762463f55d14a96/src/components/inbox/chat/ChatPanelHeader.tsx#L81-L89,reports/inbox/findings.json
R2-MOD-016,P3,modules,CONFIRMED_SOURCE_BEHAVIOR,Discador mantém chip do contato após alterar o número pelo teclado,https://github.com/adm01-debug/Zapp_Web_V2/blob/da307ba5626dce892f0b37cb6762463f55d14a96/src/components/calls/NewCallPanel.tsx#L73-L99,reports/modules/findings.json
R2-MOD-039,P3,modules,CONFIRMED_SOURCE_BEHAVIOR,Ação Novo template abre o wizard de campanha,https://github.com/adm01-debug/Zapp_Web_V2/blob/da307ba5626dce892f0b37cb6762463f55d14a96/src/components/talkx/TalkXView.tsx#L118-L122,reports/modules/findings.json
R2-MOD-047,P3,modules,CONFIRMED_SOURCE_BEHAVIOR,Galeria mantém índice fora do intervalo ao navegar para produto com menos imagens,https://github.com/adm01-debug/Zapp_Web_V2/blob/da307ba5626dce892f0b37cb6762463f55d14a96/src/components/catalog/ProductDetailDialog.tsx#L89-L103,reports/modules/findings.json
R2-MOD-058,P3,modules,CONFIRMED_SOURCE_BEHAVIOR,Prazo vencido hoje aparece como atraso no menu e como não atrasado no módulo,https://github.com/adm01-debug/Zapp_Web_V2/blob/da307ba5626dce892f0b37cb6762463f55d14a96/src/hooks/tasks/useMyWorkItems.ts#L629-L649,reports/modules/findings.json
R2-MOD-060,P3,modules,CONFIRMED_SOURCE_BEHAVIOR,"Tamanho de página em Templates, Segmentos e Supressão é um controle sem efeito",https://github.com/adm01-debug/Zapp_Web_V2/blob/da307ba5626dce892f0b37cb6762463f55d14a96/src/components/talkx/kit/table.tsx#L10-L30,reports/modules/findings.json
R2-MOD-062,P3,modules,CONFIRMED_SOURCE_BEHAVIOR,Gramática de variáveis do editor/Resumo diverge da personalização com fallback,https://github.com/adm01-debug/Zapp_Web_V2/blob/da307ba5626dce892f0b37cb6762463f55d14a96/src/components/talkx/kit/personalize.ts#L93-L118,reports/modules/findings.json
R2-API-016,P3,providers,HYPOTHESIS_REQUIRES_VALIDATION,Status não string aceito pelo envelope derruba lote de receipts,https://github.com/adm01-debug/Zapp_Web_V2/blob/da307ba5626dce892f0b37cb6762463f55d14a96/supabase/functions/_shared/schemas.ts#L576-L594,reports/providers/findings.json
R2-API-020,P3,providers,CONFIRMED_SOURCE_BEHAVIOR,Distribuição A/B por hash depende da ordem não especificada das variantes,https://github.com/adm01-debug/Zapp_Web_V2/blob/da307ba5626dce892f0b37cb6762463f55d14a96/supabase/functions/talkx-send/process-recipient.ts#L32-L73,reports/providers/findings.json
