phase,variant,caller,scenario,sort_field,sort_dir,page_offset,run,ms,rows_out,total_count
f1_v0_base,v0,agent,__overhead_wrapper__,-,-,-1,0,0.26,0,0
f1_v0_base,v0,agent,sem_filtro,name,asc,0,1,596.479,50,28943
f1_v0_base,v0,agent,sem_filtro,name,asc,0,2,585.581,50,28943
f1_v0_base,v0,agent,sem_filtro,name,asc,0,3,632.008,50,28943
f1_v0_base,v0,agent,sem_filtro,name,asc,0,4,600.606,50,28943
f1_v0_base,v0,agent,sem_filtro,name,asc,0,5,637.616,50,28943
f1_v0_base,v0,agent,sem_filtro,name,asc,0,6,665.582,50,28943
f1_v0_base,v0,agent,sem_filtro,name,asc,500,1,645.37,50,28943
f1_v0_base,v0,agent,sem_filtro,name,asc,500,2,600.43,50,28943
f1_v0_base,v0,agent,sem_filtro,name,asc,500,3,627.04,50,28943
f1_v0_base,v0,agent,sem_filtro,name,asc,500,4,635.21,50,28943
f1_v0_base,v0,agent,sem_filtro,name,asc,500,5,613.039,50,28943
f1_v0_base,v0,agent,sem_filtro,name,asc,500,6,600.652,50,28943
f1_v0_base,v0,agent,sem_filtro,name,desc,0,1,560.292,50,28943
f1_v0_base,v0,agent,sem_filtro,name,desc,0,2,580.784,50,28943
f1_v0_base,v0,agent,sem_filtro,name,desc,0,3,621.087,50,28943
f1_v0_base,v0,agent,sem_filtro,name,desc,0,4,603.424,50,28943
f1_v0_base,v0,agent,sem_filtro,name,desc,0,5,553.969,50,28943
f1_v0_base,v0,agent,sem_filtro,name,desc,0,6,578.099,50,28943
f1_v0_base,v0,agent,sem_filtro,name,desc,500,1,587.487,50,28943
f1_v0_base,v0,agent,sem_filtro,name,desc,500,2,598.993,50,28943
f1_v0_base,v0,agent,sem_filtro,name,desc,500,3,587.906,50,28943
f1_v0_base,v0,agent,sem_filtro,name,desc,500,4,612.248,50,28943
f1_v0_base,v0,agent,sem_filtro,name,desc,500,5,632.53,50,28943
f1_v0_base,v0,agent,sem_filtro,name,desc,500,6,621.247,50,28943
f1_v0_base,v0,agent,sem_filtro,created_at,asc,0,1,608.736,50,28943
f1_v0_base,v0,agent,sem_filtro,created_at,asc,0,2,565.18,50,28943
f1_v0_base,v0,agent,sem_filtro,created_at,asc,0,3,542.497,50,28943
f1_v0_base,v0,agent,sem_filtro,created_at,asc,0,4,587.013,50,28943
f1_v0_base,v0,agent,sem_filtro,created_at,asc,0,5,599.992,50,28943
f1_v0_base,v0,agent,sem_filtro,created_at,asc,0,6,588.45,50,28943
f1_v0_base,v0,agent,sem_filtro,created_at,asc,500,1,568.366,50,28943
f1_v0_base,v0,agent,sem_filtro,created_at,asc,500,2,631.637,50,28943
f1_v0_base,v0,agent,sem_filtro,created_at,asc,500,3,1146.164,50,28943
f1_v0_base,v0,agent,sem_filtro,created_at,asc,500,4,1012.003,50,28943
f1_v0_base,v0,agent,sem_filtro,created_at,asc,500,5,1049.142,50,28943
f1_v0_base,v0,agent,sem_filtro,created_at,asc,500,6,1144.027,50,28943
f1_v0_base,v0,agent,sem_filtro,created_at,desc,0,1,1202.725,50,28943
f1_v0_base,v0,agent,sem_filtro,created_at,desc,0,2,1195.116,50,28943
f1_v0_base,v0,agent,sem_filtro,created_at,desc,0,3,1123.21,50,28943
f1_v0_base,v0,agent,sem_filtro,created_at,desc,0,4,1187.329,50,28943
f1_v0_base,v0,agent,sem_filtro,created_at,desc,0,5,1152.615,50,28943
f1_v0_base,v0,agent,sem_filtro,created_at,desc,0,6,1187.044,50,28943
f1_v0_base,v0,agent,sem_filtro,created_at,desc,500,1,1266.777,50,28943
f1_v0_base,v0,agent,sem_filtro,created_at,desc,500,2,1190.922,50,28943
f1_v0_base,v0,agent,sem_filtro,created_at,desc,500,3,1223.241,50,28943
f1_v0_base,v0,agent,sem_filtro,created_at,desc,500,4,1226.217,50,28943
f1_v0_base,v0,agent,sem_filtro,created_at,desc,500,5,1313.246,50,28943
f1_v0_base,v0,agent,sem_filtro,created_at,desc,500,6,1233.64,50,28943
f1_v0_base,v0,agent,sem_filtro,company,asc,0,1,1347.024,50,28943
f1_v0_base,v0,agent,sem_filtro,company,asc,0,2,1293.609,50,28943
f1_v0_base,v0,agent,sem_filtro,company,asc,0,3,1260.774,50,28943
f1_v0_base,v0,agent,sem_filtro,company,asc,0,4,1265.617,50,28943
f1_v0_base,v0,agent,sem_filtro,company,asc,0,5,1216.928,50,28943
f1_v0_base,v0,agent,sem_filtro,company,asc,0,6,1253.317,50,28943
f1_v0_base,v0,agent,sem_filtro,company,asc,500,1,837.761,50,28943
f1_v0_base,v0,agent,sem_filtro,company,asc,500,2,710.155,50,28943
f1_v0_base,v0,agent,sem_filtro,company,asc,500,3,685.937,50,28943
f1_v0_base,v0,agent,sem_filtro,company,asc,500,4,630.434,50,28943
f1_v0_base,v0,agent,sem_filtro,company,asc,500,5,613.897,50,28943
f1_v0_base,v0,agent,sem_filtro,company,asc,500,6,624.306,50,28943
f1_v0_base,v0,agent,sem_filtro,company,desc,0,1,598.766,50,28943
f1_v0_base,v0,agent,sem_filtro,company,desc,0,2,604.802,50,28943
f1_v0_base,v0,agent,sem_filtro,company,desc,0,3,599.63,50,28943
f1_v0_base,v0,agent,sem_filtro,company,desc,0,4,609.939,50,28943
f1_v0_base,v0,agent,sem_filtro,company,desc,0,5,649.235,50,28943
f1_v0_base,v0,agent,sem_filtro,company,desc,0,6,606.463,50,28943
f1_v0_base,v0,agent,sem_filtro,company,desc,500,1,680.727,50,28943
f1_v0_base,v0,agent,sem_filtro,company,desc,500,2,659.371,50,28943
f1_v0_base,v0,agent,sem_filtro,company,desc,500,3,574.978,50,28943
f1_v0_base,v0,agent,sem_filtro,company,desc,500,4,619.315,50,28943
f1_v0_base,v0,agent,sem_filtro,company,desc,500,5,644.546,50,28943
f1_v0_base,v0,agent,sem_filtro,company,desc,500,6,593.62,50,28943
f1_v0_base,v0,agent,termo_nome_5ch,name,asc,0,1,197.502,50,3419
f1_v0_base,v0,agent,termo_nome_5ch,name,asc,0,2,194.761,50,3419
f1_v0_base,v0,agent,termo_nome_5ch,name,asc,0,3,199.179,50,3419
f1_v0_base,v0,agent,termo_nome_5ch,name,asc,0,4,196.344,50,3419
f1_v0_base,v0,agent,termo_nome_5ch,name,asc,0,5,199.936,50,3419
f1_v0_base,v0,agent,termo_nome_5ch,name,asc,0,6,191.633,50,3419
f1_v0_base,v0,agent,termo_nome_5ch,name,asc,500,1,222.734,50,3419
f1_v0_base,v0,agent,termo_nome_5ch,name,asc,500,2,202.904,50,3419
f1_v0_base,v0,agent,termo_nome_5ch,name,asc,500,3,216.831,50,3419
f1_v0_base,v0,agent,termo_nome_5ch,name,asc,500,4,224.814,50,3419
f1_v0_base,v0,agent,termo_nome_5ch,name,asc,500,5,200.332,50,3419
f1_v0_base,v0,agent,termo_nome_5ch,name,asc,500,6,201.222,50,3419
f1_v0_base,v0,agent,termo_nome_5ch,name,desc,0,1,206.726,50,3419
f1_v0_base,v0,agent,termo_nome_5ch,name,desc,0,2,200.273,50,3419
f1_v0_base,v0,agent,termo_nome_5ch,name,desc,0,3,197.199,50,3419
f1_v0_base,v0,agent,termo_nome_5ch,name,desc,0,4,190.566,50,3419
f1_v0_base,v0,agent,termo_nome_5ch,name,desc,0,5,194.16,50,3419
f1_v0_base,v0,agent,termo_nome_5ch,name,desc,0,6,189.813,50,3419
f1_v0_base,v0,agent,termo_nome_5ch,name,desc,500,1,202.565,50,3419
f1_v0_base,v0,agent,termo_nome_5ch,name,desc,500,2,198.962,50,3419
f1_v0_base,v0,agent,termo_nome_5ch,name,desc,500,3,208.013,50,3419
f1_v0_base,v0,agent,termo_nome_5ch,name,desc,500,4,213.951,50,3419
f1_v0_base,v0,agent,termo_nome_5ch,name,desc,500,5,219.601,50,3419
f1_v0_base,v0,agent,termo_nome_5ch,name,desc,500,6,197.999,50,3419
f1_v0_base,v0,agent,termo_nome_5ch,created_at,asc,0,1,209.789,50,3419
f1_v0_base,v0,agent,termo_nome_5ch,created_at,asc,0,2,206.95,50,3419
f1_v0_base,v0,agent,termo_nome_5ch,created_at,asc,0,3,225.146,50,3419
f1_v0_base,v0,agent,termo_nome_5ch,created_at,asc,0,4,213.199,50,3419
f1_v0_base,v0,agent,termo_nome_5ch,created_at,asc,0,5,216.847,50,3419
f1_v0_base,v0,agent,termo_nome_5ch,created_at,asc,0,6,214.963,50,3419
f1_v0_base,v0,agent,termo_nome_5ch,created_at,asc,500,1,209.067,50,3419
f1_v0_base,v0,agent,termo_nome_5ch,created_at,asc,500,2,222.077,50,3419
f1_v0_base,v0,agent,termo_nome_5ch,created_at,asc,500,3,207.352,50,3419
f1_v0_base,v0,agent,termo_nome_5ch,created_at,asc,500,4,201.55,50,3419
f1_v0_base,v0,agent,termo_nome_5ch,created_at,asc,500,5,217.268,50,3419
f1_v0_base,v0,agent,termo_nome_5ch,created_at,asc,500,6,221.998,50,3419
f1_v0_base,v0,agent,termo_nome_5ch,created_at,desc,0,1,208.283,50,3419
f1_v0_base,v0,agent,termo_nome_5ch,created_at,desc,0,2,244.675,50,3419
f1_v0_base,v0,agent,termo_nome_5ch,created_at,desc,0,3,256.14,50,3419
f1_v0_base,v0,agent,termo_nome_5ch,created_at,desc,0,4,244.683,50,3419
f1_v0_base,v0,agent,termo_nome_5ch,created_at,desc,0,5,265.387,50,3419
f1_v0_base,v0,agent,termo_nome_5ch,created_at,desc,0,6,238.282,50,3419
f1_v0_base,v0,agent,termo_nome_5ch,created_at,desc,500,1,247.258,50,3419
f1_v0_base,v0,agent,termo_nome_5ch,created_at,desc,500,2,211.073,50,3419
f1_v0_base,v0,agent,termo_nome_5ch,created_at,desc,500,3,202.121,50,3419
f1_v0_base,v0,agent,termo_nome_5ch,created_at,desc,500,4,202.112,50,3419
f1_v0_base,v0,agent,termo_nome_5ch,created_at,desc,500,5,213.3,50,3419
f1_v0_base,v0,agent,termo_nome_5ch,created_at,desc,500,6,240.099,50,3419
f1_v0_base,v0,agent,termo_nome_5ch,company,asc,0,1,202.419,50,3419
f1_v0_base,v0,agent,termo_nome_5ch,company,asc,0,2,190.778,50,3419
f1_v0_base,v0,agent,termo_nome_5ch,company,asc,0,3,202.102,50,3419
f1_v0_base,v0,agent,termo_nome_5ch,company,asc,0,4,190.688,50,3419
f1_v0_base,v0,agent,termo_nome_5ch,company,asc,0,5,191.321,50,3419
f1_v0_base,v0,agent,termo_nome_5ch,company,asc,0,6,216.976,50,3419
f1_v0_base,v0,agent,termo_nome_5ch,company,asc,500,1,206.421,50,3419
f1_v0_base,v0,agent,termo_nome_5ch,company,asc,500,2,207.447,50,3419
f1_v0_base,v0,agent,termo_nome_5ch,company,asc,500,3,216.909,50,3419
f1_v0_base,v0,agent,termo_nome_5ch,company,asc,500,4,205.115,50,3419
f1_v0_base,v0,agent,termo_nome_5ch,company,asc,500,5,207.843,50,3419
f1_v0_base,v0,agent,termo_nome_5ch,company,asc,500,6,212.251,50,3419
f1_v0_base,v0,agent,termo_nome_5ch,company,desc,0,1,209.099,50,3419
f1_v0_base,v0,agent,termo_nome_5ch,company,desc,0,2,189.05,50,3419
f1_v0_base,v0,agent,termo_nome_5ch,company,desc,0,3,215.27,50,3419
f1_v0_base,v0,agent,termo_nome_5ch,company,desc,0,4,223.979,50,3419
f1_v0_base,v0,agent,termo_nome_5ch,company,desc,0,5,202.735,50,3419
f1_v0_base,v0,agent,termo_nome_5ch,company,desc,0,6,199.197,50,3419
f1_v0_base,v0,agent,termo_nome_5ch,company,desc,500,1,201.88,50,3419
f1_v0_base,v0,agent,termo_nome_5ch,company,desc,500,2,218.765,50,3419
f1_v0_base,v0,agent,termo_nome_5ch,company,desc,500,3,211.451,50,3419
f1_v0_base,v0,agent,termo_nome_5ch,company,desc,500,4,193.908,50,3419
f1_v0_base,v0,agent,termo_nome_5ch,company,desc,500,5,195.598,50,3419
f1_v0_base,v0,agent,termo_nome_5ch,company,desc,500,6,193.034,50,3419
f1_v0_base,v0,agent,combinado,name,asc,0,1,6.856,14,14
f1_v0_base,v0,agent,combinado,name,asc,0,2,6.294,14,14
f1_v0_base,v0,agent,combinado,name,asc,0,3,7.654,14,14
f1_v0_base,v0,agent,combinado,name,asc,0,4,6.146,14,14
f1_v0_base,v0,agent,combinado,name,asc,0,5,7.85,14,14
f1_v0_base,v0,agent,combinado,name,asc,0,6,6.723,14,14
f1_v0_base,v0,agent,combinado,name,asc,500,1,6.197,0,
f1_v0_base,v0,agent,combinado,name,asc,500,2,7.416,0,
f1_v0_base,v0,agent,combinado,name,asc,500,3,7.532,0,
f1_v0_base,v0,agent,combinado,name,asc,500,4,7.658,0,
f1_v0_base,v0,agent,combinado,name,asc,500,5,6.476,0,
f1_v0_base,v0,agent,combinado,name,asc,500,6,5.785,0,
f1_v0_base,v0,agent,combinado,name,desc,0,1,5.732,14,14
f1_v0_base,v0,agent,combinado,name,desc,0,2,6.606,14,14
f1_v0_base,v0,agent,combinado,name,desc,0,3,5.358,14,14
f1_v0_base,v0,agent,combinado,name,desc,0,4,5.725,14,14
f1_v0_base,v0,agent,combinado,name,desc,0,5,6.545,14,14
f1_v0_base,v0,agent,combinado,name,desc,0,6,6.301,14,14
f1_v0_base,v0,agent,combinado,name,desc,500,1,6.534,0,
f1_v0_base,v0,agent,combinado,name,desc,500,2,7.142,0,
f1_v0_base,v0,agent,combinado,name,desc,500,3,5.669,0,
f1_v0_base,v0,agent,combinado,name,desc,500,4,7.123,0,
f1_v0_base,v0,agent,combinado,name,desc,500,5,6.267,0,
f1_v0_base,v0,agent,combinado,name,desc,500,6,5.903,0,
f1_v0_base,v0,agent,combinado,created_at,asc,0,1,6.331,14,14
f1_v0_base,v0,agent,combinado,created_at,asc,0,2,6.883,14,14
f1_v0_base,v0,agent,combinado,created_at,asc,0,3,5.777,14,14
f1_v0_base,v0,agent,combinado,created_at,asc,0,4,6.965,14,14
f1_v0_base,v0,agent,combinado,created_at,asc,0,5,5.709,14,14
f1_v0_base,v0,agent,combinado,created_at,asc,0,6,5.33,14,14
f1_v0_base,v0,agent,combinado,created_at,asc,500,1,6.15,0,
f1_v0_base,v0,agent,combinado,created_at,asc,500,2,6.465,0,
f1_v0_base,v0,agent,combinado,created_at,asc,500,3,5.586,0,
f1_v0_base,v0,agent,combinado,created_at,asc,500,4,9.049,0,
f1_v0_base,v0,agent,combinado,created_at,asc,500,5,6.199,0,
f1_v0_base,v0,agent,combinado,created_at,asc,500,6,7.665,0,
f1_v0_base,v0,agent,combinado,created_at,desc,0,1,7.212,14,14
f1_v0_base,v0,agent,combinado,created_at,desc,0,2,5.593,14,14
f1_v0_base,v0,agent,combinado,created_at,desc,0,3,6.647,14,14
f1_v0_base,v0,agent,combinado,created_at,desc,0,4,6.321,14,14
f1_v0_base,v0,agent,combinado,created_at,desc,0,5,6.958,14,14
f1_v0_base,v0,agent,combinado,created_at,desc,0,6,8.664,14,14
f1_v0_base,v0,agent,combinado,created_at,desc,500,1,6.664,0,
f1_v0_base,v0,agent,combinado,created_at,desc,500,2,9.325,0,
f1_v0_base,v0,agent,combinado,created_at,desc,500,3,6.488,0,
f1_v0_base,v0,agent,combinado,created_at,desc,500,4,9.152,0,
f1_v0_base,v0,agent,combinado,created_at,desc,500,5,8.743,0,
f1_v0_base,v0,agent,combinado,created_at,desc,500,6,8.95,0,
f1_v0_base,v0,agent,combinado,company,asc,0,1,6.863,14,14
f1_v0_base,v0,agent,combinado,company,asc,0,2,10.276,14,14
f1_v0_base,v0,agent,combinado,company,asc,0,3,8.254,14,14
f1_v0_base,v0,agent,combinado,company,asc,0,4,8.684,14,14
f1_v0_base,v0,agent,combinado,company,asc,0,5,6.84,14,14
f1_v0_base,v0,agent,combinado,company,asc,0,6,7.891,14,14
f1_v0_base,v0,agent,combinado,company,asc,500,1,7.998,0,
f1_v0_base,v0,agent,combinado,company,asc,500,2,7.278,0,
f1_v0_base,v0,agent,combinado,company,asc,500,3,7.638,0,
f1_v0_base,v0,agent,combinado,company,asc,500,4,7.918,0,
f1_v0_base,v0,agent,combinado,company,asc,500,5,8.321,0,
f1_v0_base,v0,agent,combinado,company,asc,500,6,7.125,0,
f1_v0_base,v0,agent,combinado,company,desc,0,1,8.349,14,14
f1_v0_base,v0,agent,combinado,company,desc,0,2,7.109,14,14
f1_v0_base,v0,agent,combinado,company,desc,0,3,8.81,14,14
f1_v0_base,v0,agent,combinado,company,desc,0,4,7.067,14,14
f1_v0_base,v0,agent,combinado,company,desc,0,5,6.974,14,14
f1_v0_base,v0,agent,combinado,company,desc,0,6,6.542,14,14
f1_v0_base,v0,agent,combinado,company,desc,500,1,6.74,0,
f1_v0_base,v0,agent,combinado,company,desc,500,2,7.191,0,
f1_v0_base,v0,agent,combinado,company,desc,500,3,6.157,0,
f1_v0_base,v0,agent,combinado,company,desc,500,4,5.665,0,
f1_v0_base,v0,agent,combinado,company,desc,500,5,6.249,0,
f1_v0_base,v0,agent,combinado,company,desc,500,6,5.319,0,
f1_v1_inline,v1,agent,__overhead_wrapper__,-,-,-1,0,0.348,0,0
f1_v1_inline,v1,agent,sem_filtro,name,asc,0,1,294.695,,
f1_v1_inline,v1,agent,sem_filtro,name,asc,0,2,263.851,,
f1_v1_inline,v1,agent,sem_filtro,name,asc,0,3,269.47,,
f1_v1_inline,v1,agent,sem_filtro,name,asc,0,4,275.115,,
f1_v1_inline,v1,agent,sem_filtro,name,asc,0,5,293.094,,
f1_v1_inline,v1,agent,sem_filtro,name,asc,0,6,282.725,,
f1_v1_inline,v1,agent,sem_filtro,name,desc,0,1,286.799,,
f1_v1_inline,v1,agent,sem_filtro,name,desc,0,2,250.934,,
f1_v1_inline,v1,agent,sem_filtro,name,desc,0,3,247.043,,
f1_v1_inline,v1,agent,sem_filtro,name,desc,0,4,264.384,,
f1_v1_inline,v1,agent,sem_filtro,name,desc,0,5,313.95,,
f1_v1_inline,v1,agent,sem_filtro,name,desc,0,6,257.95,,
f1_v1_inline,v1,agent,sem_filtro,created_at,asc,0,1,248.547,,
f1_v1_inline,v1,agent,sem_filtro,created_at,asc,0,2,263.77,,
f1_v1_inline,v1,agent,sem_filtro,created_at,asc,0,3,264.661,,
f1_v1_inline,v1,agent,sem_filtro,created_at,asc,0,4,261.368,,
f1_v1_inline,v1,agent,sem_filtro,created_at,asc,0,5,264.157,,
f1_v1_inline,v1,agent,sem_filtro,created_at,asc,0,6,292.975,,
f1_v1_inline,v1,agent,sem_filtro,created_at,desc,0,1,315.661,,
f1_v1_inline,v1,agent,sem_filtro,created_at,desc,0,2,276.507,,
f1_v1_inline,v1,agent,sem_filtro,created_at,desc,0,3,269.365,,
f1_v1_inline,v1,agent,sem_filtro,created_at,desc,0,4,263.23,,
f1_v1_inline,v1,agent,sem_filtro,created_at,desc,0,5,275.493,,
f1_v1_inline,v1,agent,sem_filtro,created_at,desc,0,6,253.443,,
f1_v1_inline,v1,agent,sem_filtro,company,asc,0,1,254.249,,
f1_v1_inline,v1,agent,sem_filtro,company,asc,0,2,253.259,,
f1_v1_inline,v1,agent,sem_filtro,company,asc,0,3,253.966,,
f1_v1_inline,v1,agent,sem_filtro,company,asc,0,4,266.708,,
f1_v1_inline,v1,agent,sem_filtro,company,asc,0,5,267.493,,
f1_v1_inline,v1,agent,sem_filtro,company,asc,0,6,253.426,,
f1_v1_inline,v1,agent,sem_filtro,company,desc,0,1,268.284,,
f1_v1_inline,v1,agent,sem_filtro,company,desc,0,2,318.777,,
f1_v1_inline,v1,agent,sem_filtro,company,desc,0,3,291.694,,
f1_v1_inline,v1,agent,sem_filtro,company,desc,0,4,299.317,,
f1_v1_inline,v1,agent,sem_filtro,company,desc,0,5,289.596,,
f1_v1_inline,v1,agent,sem_filtro,company,desc,0,6,297.264,,
f1_v1_inline,v1,agent,termo_nome_5ch,name,asc,0,1,185.58,,
f1_v1_inline,v1,agent,termo_nome_5ch,name,asc,0,2,188.886,,
f1_v1_inline,v1,agent,termo_nome_5ch,name,asc,0,3,185.905,,
f1_v1_inline,v1,agent,termo_nome_5ch,name,asc,0,4,187.536,,
f1_v1_inline,v1,agent,termo_nome_5ch,name,asc,0,5,195.093,,
f1_v1_inline,v1,agent,termo_nome_5ch,name,asc,0,6,183.233,,
f1_v1_inline,v1,agent,termo_nome_5ch,name,desc,0,1,177.513,,
f1_v1_inline,v1,agent,termo_nome_5ch,name,desc,0,2,193.114,,
f1_v1_inline,v1,agent,termo_nome_5ch,name,desc,0,3,175.911,,
f1_v1_inline,v1,agent,termo_nome_5ch,name,desc,0,4,185.729,,
f1_v1_inline,v1,agent,termo_nome_5ch,name,desc,0,5,185.784,,
f1_v1_inline,v1,agent,termo_nome_5ch,name,desc,0,6,194.195,,
f1_v1_inline,v1,agent,termo_nome_5ch,created_at,asc,0,1,215.649,,
f1_v1_inline,v1,agent,termo_nome_5ch,created_at,asc,0,2,227.914,,
f1_v1_inline,v1,agent,termo_nome_5ch,created_at,asc,0,3,183.041,,
f1_v1_inline,v1,agent,termo_nome_5ch,created_at,asc,0,4,195.592,,
f1_v1_inline,v1,agent,termo_nome_5ch,created_at,asc,0,5,179.059,,
f1_v1_inline,v1,agent,termo_nome_5ch,created_at,asc,0,6,181.961,,
f1_v1_inline,v1,agent,termo_nome_5ch,created_at,desc,0,1,184.875,,
f1_v1_inline,v1,agent,termo_nome_5ch,created_at,desc,0,2,191.718,,
f1_v1_inline,v1,agent,termo_nome_5ch,created_at,desc,0,3,193.464,,
f1_v1_inline,v1,agent,termo_nome_5ch,created_at,desc,0,4,187.852,,
f1_v1_inline,v1,agent,termo_nome_5ch,created_at,desc,0,5,200.908,,
f1_v1_inline,v1,agent,termo_nome_5ch,created_at,desc,0,6,183.814,,
f1_v1_inline,v1,agent,termo_nome_5ch,company,asc,0,1,202.084,,
f1_v1_inline,v1,agent,termo_nome_5ch,company,asc,0,2,174.732,,
f1_v1_inline,v1,agent,termo_nome_5ch,company,asc,0,3,195.078,,
f1_v1_inline,v1,agent,termo_nome_5ch,company,asc,0,4,175.942,,
f1_v1_inline,v1,agent,termo_nome_5ch,company,asc,0,5,189.681,,
f1_v1_inline,v1,agent,termo_nome_5ch,company,asc,0,6,214.488,,
f1_v1_inline,v1,agent,termo_nome_5ch,company,desc,0,1,199.822,,
f1_v1_inline,v1,agent,termo_nome_5ch,company,desc,0,2,177.349,,
f1_v1_inline,v1,agent,termo_nome_5ch,company,desc,0,3,175.386,,
f1_v1_inline,v1,agent,termo_nome_5ch,company,desc,0,4,175.577,,
f1_v1_inline,v1,agent,termo_nome_5ch,company,desc,0,5,175.687,,
f1_v1_inline,v1,agent,termo_nome_5ch,company,desc,0,6,176.803,,
f1_v1_inline,v1,agent,termo_empresa,name,asc,0,1,190.702,,
f1_v1_inline,v1,agent,termo_empresa,name,asc,0,2,178.243,,
f1_v1_inline,v1,agent,termo_empresa,name,asc,0,3,183.749,,
f1_v1_inline,v1,agent,termo_empresa,name,asc,0,4,178.977,,
f1_v1_inline,v1,agent,termo_empresa,name,asc,0,5,195.402,,
f1_v1_inline,v1,agent,termo_empresa,name,asc,0,6,185.14,,
f1_v1_inline,v1,agent,termo_empresa,name,desc,0,1,193.537,,
f1_v1_inline,v1,agent,termo_empresa,name,desc,0,2,191.561,,
f1_v1_inline,v1,agent,termo_empresa,name,desc,0,3,185.678,,
f1_v1_inline,v1,agent,termo_empresa,name,desc,0,4,192.481,,
f1_v1_inline,v1,agent,termo_empresa,name,desc,0,5,185.201,,
f1_v1_inline,v1,agent,termo_empresa,name,desc,0,6,179.685,,
f1_v1_inline,v1,agent,termo_empresa,created_at,asc,0,1,181.178,,
f1_v1_inline,v1,agent,termo_empresa,created_at,asc,0,2,182.618,,
f1_v1_inline,v1,agent,termo_empresa,created_at,asc,0,3,190.983,,
f1_v1_inline,v1,agent,termo_empresa,created_at,asc,0,4,189.496,,
f1_v1_inline,v1,agent,termo_empresa,created_at,asc,0,5,184.687,,
f1_v1_inline,v1,agent,termo_empresa,created_at,asc,0,6,195.64,,
f1_v1_inline,v1,agent,termo_empresa,created_at,desc,0,1,178.136,,
f1_v1_inline,v1,agent,termo_empresa,created_at,desc,0,2,201.528,,
f1_v1_inline,v1,agent,termo_empresa,created_at,desc,0,3,223.876,,
f1_v1_inline,v1,agent,termo_empresa,created_at,desc,0,4,194.53,,
f1_v1_inline,v1,agent,termo_empresa,created_at,desc,0,5,176.607,,
f1_v1_inline,v1,agent,termo_empresa,created_at,desc,0,6,182.112,,
f1_v1_inline,v1,agent,termo_empresa,company,asc,0,1,180.328,,
f1_v1_inline,v1,agent,termo_empresa,company,asc,0,2,188.384,,
f1_v1_inline,v1,agent,termo_empresa,company,asc,0,3,188.687,,
f1_v1_inline,v1,agent,termo_empresa,company,asc,0,4,172.394,,
f1_v1_inline,v1,agent,termo_empresa,company,asc,0,5,168.236,,
f1_v1_inline,v1,agent,termo_empresa,company,asc,0,6,171.397,,
f1_v1_inline,v1,agent,termo_empresa,company,desc,0,1,181.113,,
f1_v1_inline,v1,agent,termo_empresa,company,desc,0,2,175.716,,
f1_v1_inline,v1,agent,termo_empresa,company,desc,0,3,168.143,,
f1_v1_inline,v1,agent,termo_empresa,company,desc,0,4,184.447,,
f1_v1_inline,v1,agent,termo_empresa,company,desc,0,5,185.5,,
f1_v1_inline,v1,agent,termo_empresa,company,desc,0,6,186.525,,
f1_v1_inline,v1,agent,filtro_tipo,name,asc,0,1,54.105,,
f1_v1_inline,v1,agent,filtro_tipo,name,asc,0,2,52.297,,
f1_v1_inline,v1,agent,filtro_tipo,name,asc,0,3,57.503,,
f1_v1_inline,v1,agent,filtro_tipo,name,asc,0,4,54.411,,
f1_v1_inline,v1,agent,filtro_tipo,name,asc,0,5,53.432,,
f1_v1_inline,v1,agent,filtro_tipo,name,asc,0,6,50.87,,
f1_v1_inline,v1,agent,filtro_tipo,name,desc,0,1,49.166,,
f1_v1_inline,v1,agent,filtro_tipo,name,desc,0,2,49.012,,
f1_v1_inline,v1,agent,filtro_tipo,name,desc,0,3,52.61,,
f1_v1_inline,v1,agent,filtro_tipo,name,desc,0,4,51.183,,
f1_v1_inline,v1,agent,filtro_tipo,name,desc,0,5,50.57,,
f1_v1_inline,v1,agent,filtro_tipo,name,desc,0,6,50.779,,
f1_v1_inline,v1,agent,filtro_tipo,created_at,asc,0,1,52.619,,
f1_v1_inline,v1,agent,filtro_tipo,created_at,asc,0,2,52.116,,
f1_v1_inline,v1,agent,filtro_tipo,created_at,asc,0,3,52.078,,
f1_v1_inline,v1,agent,filtro_tipo,created_at,asc,0,4,58.339,,
f1_v1_inline,v1,agent,filtro_tipo,created_at,asc,0,5,57.836,,
f1_v1_inline,v1,agent,filtro_tipo,created_at,asc,0,6,60.772,,
f1_v1_inline,v1,agent,filtro_tipo,created_at,desc,0,1,57.902,,
f1_v1_inline,v1,agent,filtro_tipo,created_at,desc,0,2,52.624,,
f1_v1_inline,v1,agent,filtro_tipo,created_at,desc,0,3,51.682,,
f1_v1_inline,v1,agent,filtro_tipo,created_at,desc,0,4,51.296,,
f1_v1_inline,v1,agent,filtro_tipo,created_at,desc,0,5,54.936,,
f1_v1_inline,v1,agent,filtro_tipo,created_at,desc,0,6,70.709,,
f1_v1_inline,v1,agent,filtro_tipo,company,asc,0,1,75.452,,
f1_v1_inline,v1,agent,filtro_tipo,company,asc,0,2,62.447,,
f1_v1_inline,v1,agent,filtro_tipo,company,asc,0,3,53.642,,
f1_v1_inline,v1,agent,filtro_tipo,company,asc,0,4,54.801,,
f1_v1_inline,v1,agent,filtro_tipo,company,asc,0,5,56.969,,
f1_v1_inline,v1,agent,filtro_tipo,company,asc,0,6,55.071,,
f1_v1_inline,v1,agent,filtro_tipo,company,desc,0,1,53.176,,
f1_v1_inline,v1,agent,filtro_tipo,company,desc,0,2,54.624,,
f1_v1_inline,v1,agent,filtro_tipo,company,desc,0,3,51.515,,
f1_v1_inline,v1,agent,filtro_tipo,company,desc,0,4,53.857,,
f1_v1_inline,v1,agent,filtro_tipo,company,desc,0,5,54.826,,
f1_v1_inline,v1,agent,filtro_tipo,company,desc,0,6,55.718,,
f1_v1_inline,v1,agent,filtro_tag,name,asc,0,1,56.162,,
f1_v1_inline,v1,agent,filtro_tag,name,asc,0,2,57.9,,
f1_v1_inline,v1,agent,filtro_tag,name,asc,0,3,55.003,,
f1_v1_inline,v1,agent,filtro_tag,name,asc,0,4,57.911,,
f1_v1_inline,v1,agent,filtro_tag,name,asc,0,5,62.409,,
f1_v1_inline,v1,agent,filtro_tag,name,asc,0,6,69.952,,
f1_v1_inline,v1,agent,filtro_tag,name,desc,0,1,64.434,,
f1_v1_inline,v1,agent,filtro_tag,name,desc,0,2,61.163,,
f1_v1_inline,v1,agent,filtro_tag,name,desc,0,3,58.914,,
f1_v1_inline,v1,agent,filtro_tag,name,desc,0,4,59.828,,
f1_v1_inline,v1,agent,filtro_tag,name,desc,0,5,64.592,,
f1_v1_inline,v1,agent,filtro_tag,name,desc,0,6,55.757,,
f1_v1_inline,v1,agent,filtro_tag,created_at,asc,0,1,57.084,,
f1_v1_inline,v1,agent,filtro_tag,created_at,asc,0,2,63.28,,
f1_v1_inline,v1,agent,filtro_tag,created_at,asc,0,3,59.469,,
f1_v1_inline,v1,agent,filtro_tag,created_at,asc,0,4,62.448,,
f1_v1_inline,v1,agent,filtro_tag,created_at,asc,0,5,55.325,,
f1_v1_inline,v1,agent,filtro_tag,created_at,asc,0,6,54.072,,
f1_v1_inline,v1,agent,filtro_tag,created_at,desc,0,1,52.639,,
f1_v1_inline,v1,agent,filtro_tag,created_at,desc,0,2,52.437,,
f1_v1_inline,v1,agent,filtro_tag,created_at,desc,0,3,55.169,,
f1_v1_inline,v1,agent,filtro_tag,created_at,desc,0,4,59.413,,
f1_v1_inline,v1,agent,filtro_tag,created_at,desc,0,5,57.124,,
f1_v1_inline,v1,agent,filtro_tag,created_at,desc,0,6,54.88,,
f1_v1_inline,v1,agent,filtro_tag,company,asc,0,1,54.95,,
f1_v1_inline,v1,agent,filtro_tag,company,asc,0,2,56.528,,
f1_v1_inline,v1,agent,filtro_tag,company,asc,0,3,54.605,,
f1_v1_inline,v1,agent,filtro_tag,company,asc,0,4,51.693,,
f1_v1_inline,v1,agent,filtro_tag,company,asc,0,5,54.29,,
f1_v1_inline,v1,agent,filtro_tag,company,asc,0,6,51.657,,
f1_v1_inline,v1,agent,filtro_tag,company,desc,0,1,51.62,,
f1_v1_inline,v1,agent,filtro_tag,company,desc,0,2,51.154,,
f1_v1_inline,v1,agent,filtro_tag,company,desc,0,3,53.009,,
f1_v1_inline,v1,agent,filtro_tag,company,desc,0,4,54.007,,
f1_v1_inline,v1,agent,filtro_tag,company,desc,0,5,58.569,,
f1_v1_inline,v1,agent,filtro_tag,company,desc,0,6,54.532,,
f1_v1_inline,v1,agent,intervalo_data,name,asc,0,1,57.323,,
f1_v1_inline,v1,agent,intervalo_data,name,asc,0,2,57.691,,
f1_v1_inline,v1,agent,intervalo_data,name,asc,0,3,59.891,,
f1_v1_inline,v1,agent,intervalo_data,name,asc,0,4,57.663,,
f1_v1_inline,v1,agent,intervalo_data,name,asc,0,5,57.078,,
f1_v1_inline,v1,agent,intervalo_data,name,asc,0,6,59.667,,
f1_v1_inline,v1,agent,intervalo_data,name,desc,0,1,56.972,,
f1_v1_inline,v1,agent,intervalo_data,name,desc,0,2,54.506,,
f1_v1_inline,v1,agent,intervalo_data,name,desc,0,3,53.782,,
f1_v1_inline,v1,agent,intervalo_data,name,desc,0,4,62.072,,
f1_v1_inline,v1,agent,intervalo_data,name,desc,0,5,62.783,,
f1_v1_inline,v1,agent,intervalo_data,name,desc,0,6,66.328,,
f1_v1_inline,v1,agent,intervalo_data,created_at,asc,0,1,65.547,,
f1_v1_inline,v1,agent,intervalo_data,created_at,asc,0,2,67.346,,
f1_v1_inline,v1,agent,intervalo_data,created_at,asc,0,3,63.914,,
f1_v1_inline,v1,agent,intervalo_data,created_at,asc,0,4,71.732,,
f1_v1_inline,v1,agent,intervalo_data,created_at,asc,0,5,69.619,,
f1_v1_inline,v1,agent,intervalo_data,created_at,asc,0,6,72.945,,
f1_v1_inline,v1,agent,intervalo_data,created_at,desc,0,1,69.177,,
f1_v1_inline,v1,agent,intervalo_data,created_at,desc,0,2,63.527,,
f1_v1_inline,v1,agent,intervalo_data,created_at,desc,0,3,57.935,,
f1_v1_inline,v1,agent,intervalo_data,created_at,desc,0,4,65.651,,
f1_v1_inline,v1,agent,intervalo_data,created_at,desc,0,5,62.565,,
f1_v1_inline,v1,agent,intervalo_data,created_at,desc,0,6,54.071,,
f1_v1_inline,v1,agent,intervalo_data,company,asc,0,1,54.594,,
f1_v1_inline,v1,agent,intervalo_data,company,asc,0,2,57.672,,
f1_v1_inline,v1,agent,intervalo_data,company,asc,0,3,57.367,,
f1_v1_inline,v1,agent,intervalo_data,company,asc,0,4,56.24,,
f1_v1_inline,v1,agent,intervalo_data,company,asc,0,5,53.718,,
f1_v1_inline,v1,agent,intervalo_data,company,asc,0,6,51.916,,
f1_v1_inline,v1,agent,intervalo_data,company,desc,0,1,56.342,,
f1_v1_inline,v1,agent,intervalo_data,company,desc,0,2,53.232,,
f1_v1_inline,v1,agent,intervalo_data,company,desc,0,3,54.616,,
f1_v1_inline,v1,agent,intervalo_data,company,desc,0,4,58.487,,
f1_v1_inline,v1,agent,intervalo_data,company,desc,0,5,61.551,,
f1_v1_inline,v1,agent,intervalo_data,company,desc,0,6,58.937,,
f1_v1_inline,v1,agent,combinado,name,asc,0,1,8.097,,
f1_v1_inline,v1,agent,combinado,name,asc,0,2,6.028,,
f1_v1_inline,v1,agent,combinado,name,asc,0,3,6.766,,
f1_v1_inline,v1,agent,combinado,name,asc,0,4,7.25,,
f1_v1_inline,v1,agent,combinado,name,asc,0,5,6.448,,
f1_v1_inline,v1,agent,combinado,name,asc,0,6,8.448,,
f1_v1_inline,v1,agent,combinado,name,desc,0,1,7.082,,
f1_v1_inline,v1,agent,combinado,name,desc,0,2,7.559,,
f1_v1_inline,v1,agent,combinado,name,desc,0,3,7.194,,
f1_v1_inline,v1,agent,combinado,name,desc,0,4,7.077,,
f1_v1_inline,v1,agent,combinado,name,desc,0,5,6.99,,
f1_v1_inline,v1,agent,combinado,name,desc,0,6,6.894,,
f1_v1_inline,v1,agent,combinado,created_at,asc,0,1,7.217,,
f1_v1_inline,v1,agent,combinado,created_at,asc,0,2,10.12,,
f1_v1_inline,v1,agent,combinado,created_at,asc,0,3,7.276,,
f1_v1_inline,v1,agent,combinado,created_at,asc,0,4,6.789,,
f1_v1_inline,v1,agent,combinado,created_at,asc,0,5,7.303,,
f1_v1_inline,v1,agent,combinado,created_at,asc,0,6,6.57,,
f1_v1_inline,v1,agent,combinado,created_at,desc,0,1,6.81,,
f1_v1_inline,v1,agent,combinado,created_at,desc,0,2,6.884,,
f1_v1_inline,v1,agent,combinado,created_at,desc,0,3,6.67,,
f1_v1_inline,v1,agent,combinado,created_at,desc,0,4,8.654,,
f1_v1_inline,v1,agent,combinado,created_at,desc,0,5,6.726,,
f1_v1_inline,v1,agent,combinado,created_at,desc,0,6,6.865,,
f1_v1_inline,v1,agent,combinado,company,asc,0,1,6.355,,
f1_v1_inline,v1,agent,combinado,company,asc,0,2,6.538,,
f1_v1_inline,v1,agent,combinado,company,asc,0,3,6.666,,
f1_v1_inline,v1,agent,combinado,company,asc,0,4,5.243,,
f1_v1_inline,v1,agent,combinado,company,asc,0,5,5.275,,
f1_v1_inline,v1,agent,combinado,company,asc,0,6,6.088,,
f1_v1_inline,v1,agent,combinado,company,desc,0,1,5.568,,
f1_v1_inline,v1,agent,combinado,company,desc,0,2,5.746,,
f1_v1_inline,v1,agent,combinado,company,desc,0,3,6.315,,
f1_v1_inline,v1,agent,combinado,company,desc,0,4,5.447,,
f1_v1_inline,v1,agent,combinado,company,desc,0,5,5.799,,
f1_v1_inline,v1,agent,combinado,company,desc,0,6,5.34,,
f1_v2_branch,v2,agent,__overhead_wrapper__,-,-,-1,0,0.309,0,0
f1_v2_branch,v2,agent,sem_filtro,name,asc,0,1,544.087,,
f1_v2_branch,v2,agent,sem_filtro,name,asc,0,2,542.659,,
f1_v2_branch,v2,agent,sem_filtro,name,asc,0,3,540.598,,
f1_v2_branch,v2,agent,sem_filtro,name,asc,0,4,557.909,,
f1_v2_branch,v2,agent,sem_filtro,name,asc,0,5,565.844,,
f1_v2_branch,v2,agent,sem_filtro,name,asc,0,6,577.568,,
f1_v2_branch,v2,agent,sem_filtro,name,desc,0,1,542.969,,
f1_v2_branch,v2,agent,sem_filtro,name,desc,0,2,585.48,,
f1_v2_branch,v2,agent,sem_filtro,name,desc,0,3,536.408,,
f1_v2_branch,v2,agent,sem_filtro,name,desc,0,4,558.392,,
f1_v2_branch,v2,agent,sem_filtro,name,desc,0,5,613.674,,
f1_v2_branch,v2,agent,sem_filtro,name,desc,0,6,533.365,,
f1_v2_branch,v2,agent,sem_filtro,created_at,asc,0,1,552.616,,
f1_v2_branch,v2,agent,sem_filtro,created_at,asc,0,2,529.226,,
f1_v2_branch,v2,agent,sem_filtro,created_at,asc,0,3,535.325,,
f1_v2_branch,v2,agent,sem_filtro,created_at,asc,0,4,531.111,,
f1_v2_branch,v2,agent,sem_filtro,created_at,asc,0,5,528.638,,
f1_v2_branch,v2,agent,sem_filtro,created_at,asc,0,6,553.03,,
f1_v2_branch,v2,agent,sem_filtro,created_at,desc,0,1,529.222,,
f1_v2_branch,v2,agent,sem_filtro,created_at,desc,0,2,-487.887,,
f1_v2_branch,v2,agent,sem_filtro,created_at,desc,0,3,538.257,,
f1_v2_branch,v2,agent,sem_filtro,created_at,desc,0,4,579.835,,
f1_v2_branch,v2,agent,sem_filtro,created_at,desc,0,5,542.855,,
f1_v2_branch,v2,agent,sem_filtro,created_at,desc,0,6,563.929,,
f1_v2_branch,v2,agent,sem_filtro,company,asc,0,1,519.502,,
f1_v2_branch,v2,agent,sem_filtro,company,asc,0,2,543.434,,
f1_v2_branch,v2,agent,sem_filtro,company,asc,0,3,539.506,,
f1_v2_branch,v2,agent,sem_filtro,company,asc,0,4,535.628,,
f1_v2_branch,v2,agent,sem_filtro,company,asc,0,5,572.691,,
f1_v2_branch,v2,agent,sem_filtro,company,asc,0,6,527.515,,
f1_v2_branch,v2,agent,sem_filtro,company,desc,0,1,511.404,,
f1_v2_branch,v2,agent,sem_filtro,company,desc,0,2,523.325,,
f1_v2_branch,v2,agent,sem_filtro,company,desc,0,3,530.543,,
f1_v2_branch,v2,agent,sem_filtro,company,desc,0,4,550.682,,
f1_v2_branch,v2,agent,sem_filtro,company,desc,0,5,573.73,,
f1_v2_branch,v2,agent,sem_filtro,company,desc,0,6,569.722,,
f1_v2_branch,v2,agent,termo_nome_5ch,name,asc,0,1,214.979,,
f1_v2_branch,v2,agent,termo_nome_5ch,name,asc,0,2,195.302,,
f1_v2_branch,v2,agent,termo_nome_5ch,name,asc,0,3,191.769,,
f1_v2_branch,v2,agent,termo_nome_5ch,name,asc,0,4,188.545,,
f1_v2_branch,v2,agent,termo_nome_5ch,name,asc,0,5,198.752,,
f1_v2_branch,v2,agent,termo_nome_5ch,name,asc,0,6,194.1,,
f1_v2_branch,v2,agent,termo_nome_5ch,name,desc,0,1,196.194,,
f1_v2_branch,v2,agent,termo_nome_5ch,name,desc,0,2,188.935,,
f1_v2_branch,v2,agent,termo_nome_5ch,name,desc,0,3,175.23,,
f1_v2_branch,v2,agent,termo_nome_5ch,name,desc,0,4,178.93,,
f1_v2_branch,v2,agent,termo_nome_5ch,name,desc,0,5,182.906,,
f1_v2_branch,v2,agent,termo_nome_5ch,name,desc,0,6,201.048,,
f1_v2_branch,v2,agent,termo_nome_5ch,created_at,asc,0,1,187.253,,
f1_v2_branch,v2,agent,termo_nome_5ch,created_at,asc,0,2,186.214,,
f1_v2_branch,v2,agent,termo_nome_5ch,created_at,asc,0,3,193.865,,
f1_v2_branch,v2,agent,termo_nome_5ch,created_at,asc,0,4,192.674,,
f1_v2_branch,v2,agent,termo_nome_5ch,created_at,asc,0,5,186.564,,
f1_v2_branch,v2,agent,termo_nome_5ch,created_at,asc,0,6,206.737,,
f1_v2_branch,v2,agent,termo_nome_5ch,created_at,desc,0,1,187.781,,
f1_v2_branch,v2,agent,termo_nome_5ch,created_at,desc,0,2,192.733,,
f1_v2_branch,v2,agent,termo_nome_5ch,created_at,desc,0,3,184.688,,
f1_v2_branch,v2,agent,termo_nome_5ch,created_at,desc,0,4,199.172,,
f1_v2_branch,v2,agent,termo_nome_5ch,created_at,desc,0,5,194.628,,
f1_v2_branch,v2,agent,termo_nome_5ch,created_at,desc,0,6,186.419,,
f1_v2_branch,v2,agent,termo_nome_5ch,company,asc,0,1,190.827,,
f1_v2_branch,v2,agent,termo_nome_5ch,company,asc,0,2,181.604,,
f1_v2_branch,v2,agent,termo_nome_5ch,company,asc,0,3,184.37,,
f1_v2_branch,v2,agent,termo_nome_5ch,company,asc,0,4,187.589,,
f1_v2_branch,v2,agent,termo_nome_5ch,company,asc,0,5,188.585,,
f1_v2_branch,v2,agent,termo_nome_5ch,company,asc,0,6,189.706,,
f1_v2_branch,v2,agent,termo_nome_5ch,company,desc,0,1,199.303,,
f1_v2_branch,v2,agent,termo_nome_5ch,company,desc,0,2,216.373,,
f1_v2_branch,v2,agent,termo_nome_5ch,company,desc,0,3,207.099,,
f1_v2_branch,v2,agent,termo_nome_5ch,company,desc,0,4,189.972,,
f1_v2_branch,v2,agent,termo_nome_5ch,company,desc,0,5,206.115,,
f1_v2_branch,v2,agent,termo_nome_5ch,company,desc,0,6,210.248,,
f1_v2_branch,v2,agent,termo_empresa,name,asc,0,1,185.45,,
f1_v2_branch,v2,agent,termo_empresa,name,asc,0,2,188.301,,
f1_v2_branch,v2,agent,termo_empresa,name,asc,0,3,184.946,,
f1_v2_branch,v2,agent,termo_empresa,name,asc,0,4,180.824,,
f1_v2_branch,v2,agent,termo_empresa,name,asc,0,5,184.768,,
f1_v2_branch,v2,agent,termo_empresa,name,asc,0,6,183.643,,
f1_v2_branch,v2,agent,termo_empresa,name,desc,0,1,194.142,,
f1_v2_branch,v2,agent,termo_empresa,name,desc,0,2,193.924,,
f1_v2_branch,v2,agent,termo_empresa,name,desc,0,3,192.619,,
f1_v2_branch,v2,agent,termo_empresa,name,desc,0,4,198.341,,
f1_v2_branch,v2,agent,termo_empresa,name,desc,0,5,185.147,,
f1_v2_branch,v2,agent,termo_empresa,name,desc,0,6,186.64,,
f1_v2_branch,v2,agent,termo_empresa,created_at,asc,0,1,192.85,,
f1_v2_branch,v2,agent,termo_empresa,created_at,asc,0,2,209.468,,
f1_v2_branch,v2,agent,termo_empresa,created_at,asc,0,3,185.419,,
f1_v2_branch,v2,agent,termo_empresa,created_at,asc,0,4,206.523,,
f1_v2_branch,v2,agent,termo_empresa,created_at,asc,0,5,200.8,,
f1_v2_branch,v2,agent,termo_empresa,created_at,asc,0,6,195.322,,
f1_v2_branch,v2,agent,termo_empresa,created_at,desc,0,1,192.025,,
f1_v2_branch,v2,agent,termo_empresa,created_at,desc,0,2,219.705,,
f1_v2_branch,v2,agent,termo_empresa,created_at,desc,0,3,204.343,,
f1_v2_branch,v2,agent,termo_empresa,created_at,desc,0,4,205.957,,
f1_v2_branch,v2,agent,termo_empresa,created_at,desc,0,5,193.978,,
f1_v2_branch,v2,agent,termo_empresa,created_at,desc,0,6,218.231,,
f1_v2_branch,v2,agent,termo_empresa,company,asc,0,1,236.946,,
f1_v2_branch,v2,agent,termo_empresa,company,asc,0,2,193.027,,
f1_v2_branch,v2,agent,termo_empresa,company,asc,0,3,189.301,,
f1_v2_branch,v2,agent,termo_empresa,company,asc,0,4,191.166,,
f1_v2_branch,v2,agent,termo_empresa,company,asc,0,5,187.335,,
f1_v2_branch,v2,agent,termo_empresa,company,asc,0,6,191.322,,
f1_v2_branch,v2,agent,termo_empresa,company,desc,0,1,187.45,,
f1_v2_branch,v2,agent,termo_empresa,company,desc,0,2,200.844,,
f1_v2_branch,v2,agent,termo_empresa,company,desc,0,3,236.276,,
f1_v2_branch,v2,agent,termo_empresa,company,desc,0,4,211.566,,
f1_v2_branch,v2,agent,termo_empresa,company,desc,0,5,199.293,,
f1_v2_branch,v2,agent,termo_empresa,company,desc,0,6,190.876,,
f1_v2_branch,v2,agent,filtro_tipo,name,asc,0,1,113.005,,
f1_v2_branch,v2,agent,filtro_tipo,name,asc,0,2,114.505,,
f1_v2_branch,v2,agent,filtro_tipo,name,asc,0,3,122.482,,
f1_v2_branch,v2,agent,filtro_tipo,name,asc,0,4,119.348,,
f1_v2_branch,v2,agent,filtro_tipo,name,asc,0,5,124.061,,
f1_v2_branch,v2,agent,filtro_tipo,name,asc,0,6,132.635,,
f1_v2_branch,v2,agent,filtro_tipo,name,desc,0,1,131.862,,
f1_v2_branch,v2,agent,filtro_tipo,name,desc,0,2,116.763,,
f1_v2_branch,v2,agent,filtro_tipo,name,desc,0,3,122.262,,
f1_v2_branch,v2,agent,filtro_tipo,name,desc,0,4,112.868,,
f1_v2_branch,v2,agent,filtro_tipo,name,desc,0,5,110.88,,
f1_v2_branch,v2,agent,filtro_tipo,name,desc,0,6,113.288,,
f1_v2_branch,v2,agent,filtro_tipo,created_at,asc,0,1,115.1,,
f1_v2_branch,v2,agent,filtro_tipo,created_at,asc,0,2,135.144,,
f1_v2_branch,v2,agent,filtro_tipo,created_at,asc,0,3,135.044,,
f1_v2_branch,v2,agent,filtro_tipo,created_at,asc,0,4,121.094,,
f1_v2_branch,v2,agent,filtro_tipo,created_at,asc,0,5,112.773,,
f1_v2_branch,v2,agent,filtro_tipo,created_at,asc,0,6,112.8,,
f1_v2_branch,v2,agent,filtro_tipo,created_at,desc,0,1,108.678,,
f1_v2_branch,v2,agent,filtro_tipo,created_at,desc,0,2,107.892,,
f1_v2_branch,v2,agent,filtro_tipo,created_at,desc,0,3,106.097,,
f1_v2_branch,v2,agent,filtro_tipo,created_at,desc,0,4,107.709,,
f1_v2_branch,v2,agent,filtro_tipo,created_at,desc,0,5,120.891,,
f1_v2_branch,v2,agent,filtro_tipo,created_at,desc,0,6,111.797,,
f1_v2_branch,v2,agent,filtro_tipo,company,asc,0,1,107.874,,
f1_v2_branch,v2,agent,filtro_tipo,company,asc,0,2,102.726,,
f1_v2_branch,v2,agent,filtro_tipo,company,asc,0,3,106.924,,
f1_v2_branch,v2,agent,filtro_tipo,company,asc,0,4,106.549,,
f1_v2_branch,v2,agent,filtro_tipo,company,asc,0,5,102.836,,
f1_v2_branch,v2,agent,filtro_tipo,company,asc,0,6,105.21,,
f1_v2_branch,v2,agent,filtro_tipo,company,desc,0,1,102.212,,
f1_v2_branch,v2,agent,filtro_tipo,company,desc,0,2,102.155,,
f1_v2_branch,v2,agent,filtro_tipo,company,desc,0,3,111.245,,
f1_v2_branch,v2,agent,filtro_tipo,company,desc,0,4,107.552,,
f1_v2_branch,v2,agent,filtro_tipo,company,desc,0,5,111.57,,
f1_v2_branch,v2,agent,filtro_tipo,company,desc,0,6,103.088,,
f1_v2_branch,v2,agent,filtro_tag,name,asc,0,1,64.184,,
f1_v2_branch,v2,agent,filtro_tag,name,asc,0,2,64.986,,
f1_v2_branch,v2,agent,filtro_tag,name,asc,0,3,60.414,,
f1_v2_branch,v2,agent,filtro_tag,name,asc,0,4,62.227,,
f1_v2_branch,v2,agent,filtro_tag,name,asc,0,5,63.344,,
f1_v2_branch,v2,agent,filtro_tag,name,asc,0,6,60.349,,
f1_v2_branch,v2,agent,filtro_tag,name,desc,0,1,61.036,,
f1_v2_branch,v2,agent,filtro_tag,name,desc,0,2,67.026,,
f1_v2_branch,v2,agent,filtro_tag,name,desc,0,3,67.453,,
f1_v2_branch,v2,agent,filtro_tag,name,desc,0,4,72.082,,
f1_v2_branch,v2,agent,filtro_tag,name,desc,0,5,65.584,,
f1_v2_branch,v2,agent,filtro_tag,name,desc,0,6,64.298,,
f1_v2_branch,v2,agent,filtro_tag,created_at,asc,0,1,59.69,,
f1_v2_branch,v2,agent,filtro_tag,created_at,asc,0,2,62.425,,
f1_v2_branch,v2,agent,filtro_tag,created_at,asc,0,3,62.37,,
f1_v2_branch,v2,agent,filtro_tag,created_at,asc,0,4,61.526,,
f1_v2_branch,v2,agent,filtro_tag,created_at,asc,0,5,59.396,,
f1_v2_branch,v2,agent,filtro_tag,created_at,asc,0,6,61.726,,
f1_v2_branch,v2,agent,filtro_tag,created_at,desc,0,1,60.642,,
f1_v2_branch,v2,agent,filtro_tag,created_at,desc,0,2,63.514,,
f1_v2_branch,v2,agent,filtro_tag,created_at,desc,0,3,60.605,,
f1_v2_branch,v2,agent,filtro_tag,created_at,desc,0,4,60.892,,
f1_v2_branch,v2,agent,filtro_tag,created_at,desc,0,5,61.109,,
f1_v2_branch,v2,agent,filtro_tag,created_at,desc,0,6,57.161,,
f1_v2_branch,v2,agent,filtro_tag,company,asc,0,1,56.848,,
f1_v2_branch,v2,agent,filtro_tag,company,asc,0,2,60.066,,
f1_v2_branch,v2,agent,filtro_tag,company,asc,0,3,62.553,,
f1_v2_branch,v2,agent,filtro_tag,company,asc,0,4,71.643,,
f1_v2_branch,v2,agent,filtro_tag,company,asc,0,5,93.205,,
f1_v2_branch,v2,agent,filtro_tag,company,asc,0,6,73.185,,
f1_v2_branch,v2,agent,filtro_tag,company,desc,0,1,69.221,,
f1_v2_branch,v2,agent,filtro_tag,company,desc,0,2,64.027,,
f1_v2_branch,v2,agent,filtro_tag,company,desc,0,3,58.578,,
f1_v2_branch,v2,agent,filtro_tag,company,desc,0,4,59.287,,
f1_v2_branch,v2,agent,filtro_tag,company,desc,0,5,62.804,,
f1_v2_branch,v2,agent,filtro_tag,company,desc,0,6,59.216,,
f1_v2_branch,v2,agent,intervalo_data,name,asc,0,1,114.134,,
f1_v2_branch,v2,agent,intervalo_data,name,asc,0,2,119.84,,
f1_v2_branch,v2,agent,intervalo_data,name,asc,0,3,138.17,,
f1_v2_branch,v2,agent,intervalo_data,name,asc,0,4,126.857,,
f1_v2_branch,v2,agent,intervalo_data,name,asc,0,5,115.509,,
f1_v2_branch,v2,agent,intervalo_data,name,asc,0,6,113.419,,
f1_v2_branch,v2,agent,intervalo_data,name,desc,0,1,118.807,,
f1_v2_branch,v2,agent,intervalo_data,name,desc,0,2,115.249,,
f1_v2_branch,v2,agent,intervalo_data,name,desc,0,3,112.218,,
f1_v2_branch,v2,agent,intervalo_data,name,desc,0,4,109.201,,
f1_v2_branch,v2,agent,intervalo_data,name,desc,0,5,120.592,,
f1_v2_branch,v2,agent,intervalo_data,name,desc,0,6,123.014,,
f1_v2_branch,v2,agent,intervalo_data,created_at,asc,0,1,120.75,,
f1_v2_branch,v2,agent,intervalo_data,created_at,asc,0,2,122.661,,
f1_v2_branch,v2,agent,intervalo_data,created_at,asc,0,3,113.991,,
f1_v2_branch,v2,agent,intervalo_data,created_at,asc,0,4,111.12,,
f1_v2_branch,v2,agent,intervalo_data,created_at,asc,0,5,114.977,,
f1_v2_branch,v2,agent,intervalo_data,created_at,asc,0,6,115.623,,
f1_v2_branch,v2,agent,intervalo_data,created_at,desc,0,1,116.252,,
f1_v2_branch,v2,agent,intervalo_data,created_at,desc,0,2,125.021,,
f1_v2_branch,v2,agent,intervalo_data,created_at,desc,0,3,113.761,,
f1_v2_branch,v2,agent,intervalo_data,created_at,desc,0,4,114.689,,
f1_v2_branch,v2,agent,intervalo_data,created_at,desc,0,5,110.506,,
f1_v2_branch,v2,agent,intervalo_data,created_at,desc,0,6,116.887,,
f1_v2_branch,v2,agent,intervalo_data,company,asc,0,1,121.262,,
f1_v2_branch,v2,agent,intervalo_data,company,asc,0,2,117.006,,
f1_v2_branch,v2,agent,intervalo_data,company,asc,0,3,111.385,,
f1_v2_branch,v2,agent,intervalo_data,company,asc,0,4,115.06,,
f1_v2_branch,v2,agent,intervalo_data,company,asc,0,5,120.85,,
f1_v2_branch,v2,agent,intervalo_data,company,asc,0,6,123.85,,
f1_v2_branch,v2,agent,intervalo_data,company,desc,0,1,116.273,,
f1_v2_branch,v2,agent,intervalo_data,company,desc,0,2,115.891,,
f1_v2_branch,v2,agent,intervalo_data,company,desc,0,3,119.127,,
f1_v2_branch,v2,agent,intervalo_data,company,desc,0,4,123.358,,
f1_v2_branch,v2,agent,intervalo_data,company,desc,0,5,117.986,,
f1_v2_branch,v2,agent,intervalo_data,company,desc,0,6,116.086,,
f1_v2_branch,v2,agent,combinado,name,asc,0,1,6.799,,
f1_v2_branch,v2,agent,combinado,name,asc,0,2,6.148,,
f1_v2_branch,v2,agent,combinado,name,asc,0,3,8.853,,
f1_v2_branch,v2,agent,combinado,name,asc,0,4,6.801,,
f1_v2_branch,v2,agent,combinado,name,asc,0,5,6.099,,
f1_v2_branch,v2,agent,combinado,name,asc,0,6,7.136,,
f1_v2_branch,v2,agent,combinado,name,desc,0,1,7.15,,
f1_v2_branch,v2,agent,combinado,name,desc,0,2,6.714,,
f1_v2_branch,v2,agent,combinado,name,desc,0,3,6.34,,
f1_v2_branch,v2,agent,combinado,name,desc,0,4,6.826,,
f1_v2_branch,v2,agent,combinado,name,desc,0,5,7.592,,
f1_v2_branch,v2,agent,combinado,name,desc,0,6,6.345,,
f1_v2_branch,v2,agent,combinado,created_at,asc,0,1,6.727,,
f1_v2_branch,v2,agent,combinado,created_at,asc,0,2,6.271,,
f1_v2_branch,v2,agent,combinado,created_at,asc,0,3,6.747,,
f1_v2_branch,v2,agent,combinado,created_at,asc,0,4,6.173,,
f1_v2_branch,v2,agent,combinado,created_at,asc,0,5,6.012,,
f1_v2_branch,v2,agent,combinado,created_at,asc,0,6,7.572,,
f1_v2_branch,v2,agent,combinado,created_at,desc,0,1,6.399,,
f1_v2_branch,v2,agent,combinado,created_at,desc,0,2,7.195,,
f1_v2_branch,v2,agent,combinado,created_at,desc,0,3,6.271,,
f1_v2_branch,v2,agent,combinado,created_at,desc,0,4,6.766,,
f1_v2_branch,v2,agent,combinado,created_at,desc,0,5,7.455,,
f1_v2_branch,v2,agent,combinado,created_at,desc,0,6,6.707,,
f1_v2_branch,v2,agent,combinado,company,asc,0,1,8.247,,
f1_v2_branch,v2,agent,combinado,company,asc,0,2,6.397,,
f1_v2_branch,v2,agent,combinado,company,asc,0,3,5.499,,
f1_v2_branch,v2,agent,combinado,company,asc,0,4,6.654,,
f1_v2_branch,v2,agent,combinado,company,asc,0,5,5.258,,
f1_v2_branch,v2,agent,combinado,company,asc,0,6,4.372,,
f1_v2_branch,v2,agent,combinado,company,desc,0,1,5.953,,
f1_v2_branch,v2,agent,combinado,company,desc,0,2,5.192,,
f1_v2_branch,v2,agent,combinado,company,desc,0,3,4.52,,
f1_v2_branch,v2,agent,combinado,company,desc,0,4,6.164,,
f1_v2_branch,v2,agent,combinado,company,desc,0,5,5.201,,
f1_v2_branch,v2,agent,combinado,company,desc,0,6,5.033,,
